book_instock,book_price,book_rating,book_title
"
    ,
    
        In stock
    
",£45.17,Two,It's Only the Himalayas
"
    ,
    
        In stock
    
",£45.17,Two,It's Only the Himalayas
"
    ,
    
        In stock
    
",£45.17,Two,It's Only the Himalayas
"
    ,
    
        In stock
    
",£45.17,Two,It's Only the Himalayas
"
    ,
    
        In stock
    
",£45.17,Two,It's Only the Himalayas
"
    ,
    
        In stock
    
",£45.17,Two,It's Only the Himalayas
"
    ,
    
        In stock
    
",£45.17,Two,It's Only the Himalayas
"
    ,
    
        In stock
    
",£45.17,Two,It's Only the Himalayas
"
    ,
    
        In stock
    
",£45.17,Two,It's Only the Himalayas
"
    ,
    
        In stock
    
",£45.17,Two,It's Only the Himalayas
"
    ,
    
        In stock
    
",£45.17,Two,It's Only the Himalayas
"
    ,
    
        In stock
    
",£45.17,Two,It's Only the Himalayas
"
    ,
    
        In stock
    
",£45.17,Two,It's Only the Himalayas
"
    ,
    
        In stock
    
",£45.17,Two,It's Only the Himalayas
"
    ,
    
        In stock
    
",£45.17,Two,It's Only the Himalayas
"
    ,
    
        In stock
    
",£45.17,Two,It's Only the Himalayas
"
    ,
    
        In stock
    
",£45.17,Two,It's Only the Himalayas
"
    ,
    
        In stock
    
",£45.17,Two,It's Only the Himalayas
"
    ,
    
        In stock
    
",£45.17,Two,It's Only the Himalayas
"
    ,
    
        In stock
    
",£45.17,Two,It's Only the Himalayas
"
    ,
    
        In stock
    
",£33.63,Two,You can't bury them all: Poems
"
    ,
    
        In stock
    
",£33.63,Two,You can't bury them all: Poems
"
    ,
    
        In stock
    
",£33.63,Two,You can't bury them all: Poems
"
    ,
    
        In stock
    
",£33.63,Two,You can't bury them all: Poems
"
    ,
    
        In stock
    
",£33.63,Two,You can't bury them all: Poems
"
    ,
    
        In stock
    
",£33.63,Two,You can't bury them all: Poems
"
    ,
    
        In stock
    
",£33.63,Two,You can't bury them all: Poems
"
    ,
    
        In stock
    
",£33.63,Two,You can't bury them all: Poems
"
    ,
    
        In stock
    
",£33.63,Two,You can't bury them all: Poems
"
    ,
    
        In stock
    
",£33.63,Two,You can't bury them all: Poems
"
    ,
    
        In stock
    
",£33.63,Two,You can't bury them all: Poems
"
    ,
    
        In stock
    
",£33.63,Two,You can't bury them all: Poems
"
    ,
    
        In stock
    
",£33.63,Two,You can't bury them all: Poems
"
    ,
    
        In stock
    
",£33.63,Two,You can't bury them all: Poems
"
    ,
    
        In stock
    
",£33.63,Two,You can't bury them all: Poems
"
    ,
    
        In stock
    
",£33.63,Two,You can't bury them all: Poems
"
    ,
    
        In stock
    
",£33.63,Two,You can't bury them all: Poems
"
    ,
    
        In stock
    
",£33.63,Two,You can't bury them all: Poems
"
    ,
    
        In stock
    
",£33.63,Two,You can't bury them all: Poems
"
    ,
    
        In stock
    
",£33.63,Two,You can't bury them all: Poems
"
    ,
    
        In stock
    
",£45.22,Three,The Natural History of Us (The Fine Art of Pretending #2)
"
    ,
    
        In stock
    
",£45.22,Three,The Natural History of Us (The Fine Art of Pretending #2)
"
    ,
    
        In stock
    
",£45.22,Three,The Natural History of Us (The Fine Art of Pretending #2)
"
    ,
    
        In stock
    
",£45.22,Three,The Natural History of Us (The Fine Art of Pretending #2)
"
    ,
    
        In stock
    
",£45.22,Three,The Natural History of Us (The Fine Art of Pretending #2)
"
    ,
    
        In stock
    
",£45.22,Three,The Natural History of Us (The Fine Art of Pretending #2)
"
    ,
    
        In stock
    
",£45.22,Three,The Natural History of Us (The Fine Art of Pretending #2)
"
    ,
    
        In stock
    
",£45.22,Three,The Natural History of Us (The Fine Art of Pretending #2)
"
    ,
    
        In stock
    
",£45.22,Three,The Natural History of Us (The Fine Art of Pretending #2)
"
    ,
    
        In stock
    
",£45.22,Three,The Natural History of Us (The Fine Art of Pretending #2)
"
    ,
    
        In stock
    
",£45.22,Three,The Natural History of Us (The Fine Art of Pretending #2)
"
    ,
    
        In stock
    
",£45.22,Three,The Natural History of Us (The Fine Art of Pretending #2)
"
    ,
    
        In stock
    
",£45.22,Three,The Natural History of Us (The Fine Art of Pretending #2)
"
    ,
    
        In stock
    
",£45.22,Three,The Natural History of Us (The Fine Art of Pretending #2)
"
    ,
    
        In stock
    
",£45.22,Three,The Natural History of Us (The Fine Art of Pretending #2)
"
    ,
    
        In stock
    
",£45.22,Three,The Natural History of Us (The Fine Art of Pretending #2)
"
    ,
    
        In stock
    
",£45.22,Three,The Natural History of Us (The Fine Art of Pretending #2)
"
    ,
    
        In stock
    
",£45.22,Three,The Natural History of Us (The Fine Art of Pretending #2)
"
    ,
    
        In stock
    
",£45.22,Three,The Natural History of Us (The Fine Art of Pretending #2)
"
    ,
    
        In stock
    
",£45.22,Three,The Natural History of Us (The Fine Art of Pretending #2)
"
    ,
    
        In stock
    
",£50.40,Three,"Rat Queens, Vol. 3: Demons (Rat Queens (Collected Editions) #11-15)"
"
    ,
    
        In stock
    
",£50.40,Three,"Rat Queens, Vol. 3: Demons (Rat Queens (Collected Editions) #11-15)"
"
    ,
    
        In stock
    
",£50.40,Three,"Rat Queens, Vol. 3: Demons (Rat Queens (Collected Editions) #11-15)"
"
    ,
    
        In stock
    
",£50.40,Three,"Rat Queens, Vol. 3: Demons (Rat Queens (Collected Editions) #11-15)"
"
    ,
    
        In stock
    
",£50.40,Three,"Rat Queens, Vol. 3: Demons (Rat Queens (Collected Editions) #11-15)"
"
    ,
    
        In stock
    
",£50.40,Three,"Rat Queens, Vol. 3: Demons (Rat Queens (Collected Editions) #11-15)"
"
    ,
    
        In stock
    
",£50.40,Three,"Rat Queens, Vol. 3: Demons (Rat Queens (Collected Editions) #11-15)"
"
    ,
    
        In stock
    
",£50.40,Three,"Rat Queens, Vol. 3: Demons (Rat Queens (Collected Editions) #11-15)"
"
    ,
    
        In stock
    
",£50.40,Three,"Rat Queens, Vol. 3: Demons (Rat Queens (Collected Editions) #11-15)"
"
    ,
    
        In stock
    
",£50.40,Three,"Rat Queens, Vol. 3: Demons (Rat Queens (Collected Editions) #11-15)"
"
    ,
    
        In stock
    
",£50.40,Three,"Rat Queens, Vol. 3: Demons (Rat Queens (Collected Editions) #11-15)"
"
    ,
    
        In stock
    
",£50.40,Three,"Rat Queens, Vol. 3: Demons (Rat Queens (Collected Editions) #11-15)"
"
    ,
    
        In stock
    
",£50.40,Three,"Rat Queens, Vol. 3: Demons (Rat Queens (Collected Editions) #11-15)"
"
    ,
    
        In stock
    
",£50.40,Three,"Rat Queens, Vol. 3: Demons (Rat Queens (Collected Editions) #11-15)"
"
    ,
    
        In stock
    
",£50.40,Three,"Rat Queens, Vol. 3: Demons (Rat Queens (Collected Editions) #11-15)"
"
    ,
    
        In stock
    
",£50.40,Three,"Rat Queens, Vol. 3: Demons (Rat Queens (Collected Editions) #11-15)"
"
    ,
    
        In stock
    
",£50.40,Three,"Rat Queens, Vol. 3: Demons (Rat Queens (Collected Editions) #11-15)"
"
    ,
    
        In stock
    
",£50.40,Three,"Rat Queens, Vol. 3: Demons (Rat Queens (Collected Editions) #11-15)"
"
    ,
    
        In stock
    
",£50.40,Three,"Rat Queens, Vol. 3: Demons (Rat Queens (Collected Editions) #11-15)"
"
    ,
    
        In stock
    
",£50.40,Three,"Rat Queens, Vol. 3: Demons (Rat Queens (Collected Editions) #11-15)"
"
    ,
    
        In stock
    
",£22.00,Four,In the Country We Love: My Family Divided
"
    ,
    
        In stock
    
",£22.00,Four,In the Country We Love: My Family Divided
"
    ,
    
        In stock
    
",£22.00,Four,In the Country We Love: My Family Divided
"
    ,
    
        In stock
    
",£22.00,Four,In the Country We Love: My Family Divided
"
    ,
    
        In stock
    
",£22.00,Four,In the Country We Love: My Family Divided
"
    ,
    
        In stock
    
",£22.00,Four,In the Country We Love: My Family Divided
"
    ,
    
        In stock
    
",£22.00,Four,In the Country We Love: My Family Divided
"
    ,
    
        In stock
    
",£22.00,Four,In the Country We Love: My Family Divided
"
    ,
    
        In stock
    
",£22.00,Four,In the Country We Love: My Family Divided
"
    ,
    
        In stock
    
",£22.00,Four,In the Country We Love: My Family Divided
"
    ,
    
        In stock
    
",£22.00,Four,In the Country We Love: My Family Divided
"
    ,
    
        In stock
    
",£22.00,Four,In the Country We Love: My Family Divided
"
    ,
    
        In stock
    
",£22.00,Four,In the Country We Love: My Family Divided
"
    ,
    
        In stock
    
",£22.00,Four,In the Country We Love: My Family Divided
"
    ,
    
        In stock
    
",£22.00,Four,In the Country We Love: My Family Divided
"
    ,
    
        In stock
    
",£22.00,Four,In the Country We Love: My Family Divided
"
    ,
    
        In stock
    
",£22.00,Four,In the Country We Love: My Family Divided
"
    ,
    
        In stock
    
",£22.00,Four,In the Country We Love: My Family Divided
"
    ,
    
        In stock
    
",£22.00,Four,In the Country We Love: My Family Divided
"
    ,
    
        In stock
    
",£22.00,Four,In the Country We Love: My Family Divided
"
    ,
    
        In stock
    
",£28.09,Two,"Avatar: The Last Airbender: Smoke and Shadow, Part 3 (Smoke and Shadow #3)"
"
    ,
    
        In stock
    
",£28.09,Two,"Avatar: The Last Airbender: Smoke and Shadow, Part 3 (Smoke and Shadow #3)"
"
    ,
    
        In stock
    
",£28.09,Two,"Avatar: The Last Airbender: Smoke and Shadow, Part 3 (Smoke and Shadow #3)"
"
    ,
    
        In stock
    
",£28.09,Two,"Avatar: The Last Airbender: Smoke and Shadow, Part 3 (Smoke and Shadow #3)"
"
    ,
    
        In stock
    
",£28.09,Two,"Avatar: The Last Airbender: Smoke and Shadow, Part 3 (Smoke and Shadow #3)"
"
    ,
    
        In stock
    
",£28.09,Two,"Avatar: The Last Airbender: Smoke and Shadow, Part 3 (Smoke and Shadow #3)"
"
    ,
    
        In stock
    
",£28.09,Two,"Avatar: The Last Airbender: Smoke and Shadow, Part 3 (Smoke and Shadow #3)"
"
    ,
    
        In stock
    
",£28.09,Two,"Avatar: The Last Airbender: Smoke and Shadow, Part 3 (Smoke and Shadow #3)"
"
    ,
    
        In stock
    
",£28.09,Two,"Avatar: The Last Airbender: Smoke and Shadow, Part 3 (Smoke and Shadow #3)"
"
    ,
    
        In stock
    
",£28.09,Two,"Avatar: The Last Airbender: Smoke and Shadow, Part 3 (Smoke and Shadow #3)"
"
    ,
    
        In stock
    
",£28.09,Two,"Avatar: The Last Airbender: Smoke and Shadow, Part 3 (Smoke and Shadow #3)"
"
    ,
    
        In stock
    
",£28.09,Two,"Avatar: The Last Airbender: Smoke and Shadow, Part 3 (Smoke and Shadow #3)"
"
    ,
    
        In stock
    
",£28.09,Two,"Avatar: The Last Airbender: Smoke and Shadow, Part 3 (Smoke and Shadow #3)"
"
    ,
    
        In stock
    
",£28.09,Two,"Avatar: The Last Airbender: Smoke and Shadow, Part 3 (Smoke and Shadow #3)"
"
    ,
    
        In stock
    
",£28.09,Two,"Avatar: The Last Airbender: Smoke and Shadow, Part 3 (Smoke and Shadow #3)"
"
    ,
    
        In stock
    
",£28.09,Two,"Avatar: The Last Airbender: Smoke and Shadow, Part 3 (Smoke and Shadow #3)"
"
    ,
    
        In stock
    
",£28.09,Two,"Avatar: The Last Airbender: Smoke and Shadow, Part 3 (Smoke and Shadow #3)"
"
    ,
    
        In stock
    
",£28.09,Two,"Avatar: The Last Airbender: Smoke and Shadow, Part 3 (Smoke and Shadow #3)"
"
    ,
    
        In stock
    
",£28.09,Two,"Avatar: The Last Airbender: Smoke and Shadow, Part 3 (Smoke and Shadow #3)"
"
    ,
    
        In stock
    
",£28.09,Two,"Avatar: The Last Airbender: Smoke and Shadow, Part 3 (Smoke and Shadow #3)"
"
    ,
    
        In stock
    
",£17.44,Four,The Stranger
"
    ,
    
        In stock
    
",£17.44,Four,The Stranger
"
    ,
    
        In stock
    
",£17.44,Four,The Stranger
"
    ,
    
        In stock
    
",£17.44,Four,The Stranger
"
    ,
    
        In stock
    
",£17.44,Four,The Stranger
"
    ,
    
        In stock
    
",£17.44,Four,The Stranger
"
    ,
    
        In stock
    
",£17.44,Four,The Stranger
"
    ,
    
        In stock
    
",£17.44,Four,The Stranger
"
    ,
    
        In stock
    
",£17.44,Four,The Stranger
"
    ,
    
        In stock
    
",£17.44,Four,The Stranger
"
    ,
    
        In stock
    
",£17.44,Four,The Stranger
"
    ,
    
        In stock
    
",£17.44,Four,The Stranger
"
    ,
    
        In stock
    
",£17.44,Four,The Stranger
"
    ,
    
        In stock
    
",£17.44,Four,The Stranger
"
    ,
    
        In stock
    
",£17.44,Four,The Stranger
"
    ,
    
        In stock
    
",£17.44,Four,The Stranger
"
    ,
    
        In stock
    
",£17.44,Four,The Stranger
"
    ,
    
        In stock
    
",£17.44,Four,The Stranger
"
    ,
    
        In stock
    
",£17.44,Four,The Stranger
"
    ,
    
        In stock
    
",£17.44,Four,The Stranger
"
    ,
    
        In stock
    
",£41.25,One,The Cookies & Cups Cookbook: 125+ sweet & savory recipes reminding you to Always Eat Dessert First
"
    ,
    
        In stock
    
",£41.25,One,The Cookies & Cups Cookbook: 125+ sweet & savory recipes reminding you to Always Eat Dessert First
"
    ,
    
        In stock
    
",£41.25,One,The Cookies & Cups Cookbook: 125+ sweet & savory recipes reminding you to Always Eat Dessert First
"
    ,
    
        In stock
    
",£41.25,One,The Cookies & Cups Cookbook: 125+ sweet & savory recipes reminding you to Always Eat Dessert First
"
    ,
    
        In stock
    
",£41.25,One,The Cookies & Cups Cookbook: 125+ sweet & savory recipes reminding you to Always Eat Dessert First
"
    ,
    
        In stock
    
",£41.25,One,The Cookies & Cups Cookbook: 125+ sweet & savory recipes reminding you to Always Eat Dessert First
"
    ,
    
        In stock
    
",£41.25,One,The Cookies & Cups Cookbook: 125+ sweet & savory recipes reminding you to Always Eat Dessert First
"
    ,
    
        In stock
    
",£41.25,One,The Cookies & Cups Cookbook: 125+ sweet & savory recipes reminding you to Always Eat Dessert First
"
    ,
    
        In stock
    
",£41.25,One,The Cookies & Cups Cookbook: 125+ sweet & savory recipes reminding you to Always Eat Dessert First
"
    ,
    
        In stock
    
",£41.25,One,The Cookies & Cups Cookbook: 125+ sweet & savory recipes reminding you to Always Eat Dessert First
"
    ,
    
        In stock
    
",£41.25,One,The Cookies & Cups Cookbook: 125+ sweet & savory recipes reminding you to Always Eat Dessert First
"
    ,
    
        In stock
    
",£41.25,One,The Cookies & Cups Cookbook: 125+ sweet & savory recipes reminding you to Always Eat Dessert First
"
    ,
    
        In stock
    
",£41.25,One,The Cookies & Cups Cookbook: 125+ sweet & savory recipes reminding you to Always Eat Dessert First
"
    ,
    
        In stock
    
",£41.25,One,The Cookies & Cups Cookbook: 125+ sweet & savory recipes reminding you to Always Eat Dessert First
"
    ,
    
        In stock
    
",£41.25,One,The Cookies & Cups Cookbook: 125+ sweet & savory recipes reminding you to Always Eat Dessert First
"
    ,
    
        In stock
    
",£41.25,One,The Cookies & Cups Cookbook: 125+ sweet & savory recipes reminding you to Always Eat Dessert First
"
    ,
    
        In stock
    
",£41.25,One,The Cookies & Cups Cookbook: 125+ sweet & savory recipes reminding you to Always Eat Dessert First
"
    ,
    
        In stock
    
",£41.25,One,The Cookies & Cups Cookbook: 125+ sweet & savory recipes reminding you to Always Eat Dessert First
"
    ,
    
        In stock
    
",£41.25,One,The Cookies & Cups Cookbook: 125+ sweet & savory recipes reminding you to Always Eat Dessert First
"
    ,
    
        In stock
    
",£41.25,One,The Cookies & Cups Cookbook: 125+ sweet & savory recipes reminding you to Always Eat Dessert First
"
    ,
    
        In stock
    
",£30.25,Five,Mrs. Houdini
"
    ,
    
        In stock
    
",£30.25,Five,Mrs. Houdini
"
    ,
    
        In stock
    
",£30.25,Five,Mrs. Houdini
"
    ,
    
        In stock
    
",£30.25,Five,Mrs. Houdini
"
    ,
    
        In stock
    
",£30.25,Five,Mrs. Houdini
"
    ,
    
        In stock
    
",£30.25,Five,Mrs. Houdini
"
    ,
    
        In stock
    
",£30.25,Five,Mrs. Houdini
"
    ,
    
        In stock
    
",£30.25,Five,Mrs. Houdini
"
    ,
    
        In stock
    
",£30.25,Five,Mrs. Houdini
"
    ,
    
        In stock
    
",£30.25,Five,Mrs. Houdini
"
    ,
    
        In stock
    
",£30.25,Five,Mrs. Houdini
"
    ,
    
        In stock
    
",£30.25,Five,Mrs. Houdini
"
    ,
    
        In stock
    
",£30.25,Five,Mrs. Houdini
"
    ,
    
        In stock
    
",£30.25,Five,Mrs. Houdini
"
    ,
    
        In stock
    
",£30.25,Five,Mrs. Houdini
"
    ,
    
        In stock
    
",£30.25,Five,Mrs. Houdini
"
    ,
    
        In stock
    
",£30.25,Five,Mrs. Houdini
"
    ,
    
        In stock
    
",£30.25,Five,Mrs. Houdini
"
    ,
    
        In stock
    
",£30.25,Five,Mrs. Houdini
"
    ,
    
        In stock
    
",£30.25,Five,Mrs. Houdini
"
    ,
    
        In stock
    
",£42.16,Three,"Deliciously Ella Every Day: Quick and Easy Recipes for Gluten-Free Snacks, Packed Lunches, and Simple Meals"
"
    ,
    
        In stock
    
",£42.16,Three,"Deliciously Ella Every Day: Quick and Easy Recipes for Gluten-Free Snacks, Packed Lunches, and Simple Meals"
"
    ,
    
        In stock
    
",£42.16,Three,"Deliciously Ella Every Day: Quick and Easy Recipes for Gluten-Free Snacks, Packed Lunches, and Simple Meals"
"
    ,
    
        In stock
    
",£42.16,Three,"Deliciously Ella Every Day: Quick and Easy Recipes for Gluten-Free Snacks, Packed Lunches, and Simple Meals"
"
    ,
    
        In stock
    
",£42.16,Three,"Deliciously Ella Every Day: Quick and Easy Recipes for Gluten-Free Snacks, Packed Lunches, and Simple Meals"
"
    ,
    
        In stock
    
",£42.16,Three,"Deliciously Ella Every Day: Quick and Easy Recipes for Gluten-Free Snacks, Packed Lunches, and Simple Meals"
"
    ,
    
        In stock
    
",£42.16,Three,"Deliciously Ella Every Day: Quick and Easy Recipes for Gluten-Free Snacks, Packed Lunches, and Simple Meals"
"
    ,
    
        In stock
    
",£42.16,Three,"Deliciously Ella Every Day: Quick and Easy Recipes for Gluten-Free Snacks, Packed Lunches, and Simple Meals"
"
    ,
    
        In stock
    
",£42.16,Three,"Deliciously Ella Every Day: Quick and Easy Recipes for Gluten-Free Snacks, Packed Lunches, and Simple Meals"
"
    ,
    
        In stock
    
",£42.16,Three,"Deliciously Ella Every Day: Quick and Easy Recipes for Gluten-Free Snacks, Packed Lunches, and Simple Meals"
"
    ,
    
        In stock
    
",£42.16,Three,"Deliciously Ella Every Day: Quick and Easy Recipes for Gluten-Free Snacks, Packed Lunches, and Simple Meals"
"
    ,
    
        In stock
    
",£42.16,Three,"Deliciously Ella Every Day: Quick and Easy Recipes for Gluten-Free Snacks, Packed Lunches, and Simple Meals"
"
    ,
    
        In stock
    
",£42.16,Three,"Deliciously Ella Every Day: Quick and Easy Recipes for Gluten-Free Snacks, Packed Lunches, and Simple Meals"
"
    ,
    
        In stock
    
",£42.16,Three,"Deliciously Ella Every Day: Quick and Easy Recipes for Gluten-Free Snacks, Packed Lunches, and Simple Meals"
"
    ,
    
        In stock
    
",£42.16,Three,"Deliciously Ella Every Day: Quick and Easy Recipes for Gluten-Free Snacks, Packed Lunches, and Simple Meals"
"
    ,
    
        In stock
    
",£42.16,Three,"Deliciously Ella Every Day: Quick and Easy Recipes for Gluten-Free Snacks, Packed Lunches, and Simple Meals"
"
    ,
    
        In stock
    
",£42.16,Three,"Deliciously Ella Every Day: Quick and Easy Recipes for Gluten-Free Snacks, Packed Lunches, and Simple Meals"
"
    ,
    
        In stock
    
",£42.16,Three,"Deliciously Ella Every Day: Quick and Easy Recipes for Gluten-Free Snacks, Packed Lunches, and Simple Meals"
"
    ,
    
        In stock
    
",£42.16,Three,"Deliciously Ella Every Day: Quick and Easy Recipes for Gluten-Free Snacks, Packed Lunches, and Simple Meals"
"
    ,
    
        In stock
    
",£42.16,Three,"Deliciously Ella Every Day: Quick and Easy Recipes for Gluten-Free Snacks, Packed Lunches, and Simple Meals"
"
    ,
    
        In stock
    
",£52.65,Four,Why the Right Went Wrong: Conservatism--From Goldwater to the Tea Party and Beyond
"
    ,
    
        In stock
    
",£52.65,Four,Why the Right Went Wrong: Conservatism--From Goldwater to the Tea Party and Beyond
"
    ,
    
        In stock
    
",£52.65,Four,Why the Right Went Wrong: Conservatism--From Goldwater to the Tea Party and Beyond
"
    ,
    
        In stock
    
",£52.65,Four,Why the Right Went Wrong: Conservatism--From Goldwater to the Tea Party and Beyond
"
    ,
    
        In stock
    
",£52.65,Four,Why the Right Went Wrong: Conservatism--From Goldwater to the Tea Party and Beyond
"
    ,
    
        In stock
    
",£52.65,Four,Why the Right Went Wrong: Conservatism--From Goldwater to the Tea Party and Beyond
"
    ,
    
        In stock
    
",£52.65,Four,Why the Right Went Wrong: Conservatism--From Goldwater to the Tea Party and Beyond
"
    ,
    
        In stock
    
",£52.65,Four,Why the Right Went Wrong: Conservatism--From Goldwater to the Tea Party and Beyond
"
    ,
    
        In stock
    
",£52.65,Four,Why the Right Went Wrong: Conservatism--From Goldwater to the Tea Party and Beyond
"
    ,
    
        In stock
    
",£52.65,Four,Why the Right Went Wrong: Conservatism--From Goldwater to the Tea Party and Beyond
"
    ,
    
        In stock
    
",£52.65,Four,Why the Right Went Wrong: Conservatism--From Goldwater to the Tea Party and Beyond
"
    ,
    
        In stock
    
",£52.65,Four,Why the Right Went Wrong: Conservatism--From Goldwater to the Tea Party and Beyond
"
    ,
    
        In stock
    
",£52.65,Four,Why the Right Went Wrong: Conservatism--From Goldwater to the Tea Party and Beyond
"
    ,
    
        In stock
    
",£52.65,Four,Why the Right Went Wrong: Conservatism--From Goldwater to the Tea Party and Beyond
"
    ,
    
        In stock
    
",£52.65,Four,Why the Right Went Wrong: Conservatism--From Goldwater to the Tea Party and Beyond
"
    ,
    
        In stock
    
",£52.65,Four,Why the Right Went Wrong: Conservatism--From Goldwater to the Tea Party and Beyond
"
    ,
    
        In stock
    
",£52.65,Four,Why the Right Went Wrong: Conservatism--From Goldwater to the Tea Party and Beyond
"
    ,
    
        In stock
    
",£52.65,Four,Why the Right Went Wrong: Conservatism--From Goldwater to the Tea Party and Beyond
"
    ,
    
        In stock
    
",£52.65,Four,Why the Right Went Wrong: Conservatism--From Goldwater to the Tea Party and Beyond
"
    ,
    
        In stock
    
",£52.65,Four,Why the Right Went Wrong: Conservatism--From Goldwater to the Tea Party and Beyond
"
    ,
    
        In stock
    
",£54.04,One,The Rosie Project (Don Tillman #1)
"
    ,
    
        In stock
    
",£54.04,One,The Rosie Project (Don Tillman #1)
"
    ,
    
        In stock
    
",£54.04,One,The Rosie Project (Don Tillman #1)
"
    ,
    
        In stock
    
",£54.04,One,The Rosie Project (Don Tillman #1)
"
    ,
    
        In stock
    
",£54.04,One,The Rosie Project (Don Tillman #1)
"
    ,
    
        In stock
    
",£54.04,One,The Rosie Project (Don Tillman #1)
"
    ,
    
        In stock
    
",£54.04,One,The Rosie Project (Don Tillman #1)
"
    ,
    
        In stock
    
",£54.04,One,The Rosie Project (Don Tillman #1)
"
    ,
    
        In stock
    
",£54.04,One,The Rosie Project (Don Tillman #1)
"
    ,
    
        In stock
    
",£54.04,One,The Rosie Project (Don Tillman #1)
"
    ,
    
        In stock
    
",£54.04,One,The Rosie Project (Don Tillman #1)
"
    ,
    
        In stock
    
",£54.04,One,The Rosie Project (Don Tillman #1)
"
    ,
    
        In stock
    
",£54.04,One,The Rosie Project (Don Tillman #1)
"
    ,
    
        In stock
    
",£54.04,One,The Rosie Project (Don Tillman #1)
"
    ,
    
        In stock
    
",£54.04,One,The Rosie Project (Don Tillman #1)
"
    ,
    
        In stock
    
",£54.04,One,The Rosie Project (Don Tillman #1)
"
    ,
    
        In stock
    
",£54.04,One,The Rosie Project (Don Tillman #1)
"
    ,
    
        In stock
    
",£54.04,One,The Rosie Project (Don Tillman #1)
"
    ,
    
        In stock
    
",£54.04,One,The Rosie Project (Don Tillman #1)
"
    ,
    
        In stock
    
",£54.04,One,The Rosie Project (Don Tillman #1)
"
    ,
    
        In stock
    
",£45.21,Three,Take Me with You
"
    ,
    
        In stock
    
",£45.21,Three,Take Me with You
"
    ,
    
        In stock
    
",£45.21,Three,Take Me with You
"
    ,
    
        In stock
    
",£45.21,Three,Take Me with You
"
    ,
    
        In stock
    
",£45.21,Three,Take Me with You
"
    ,
    
        In stock
    
",£45.21,Three,Take Me with You
"
    ,
    
        In stock
    
",£45.21,Three,Take Me with You
"
    ,
    
        In stock
    
",£45.21,Three,Take Me with You
"
    ,
    
        In stock
    
",£45.21,Three,Take Me with You
"
    ,
    
        In stock
    
",£45.21,Three,Take Me with You
"
    ,
    
        In stock
    
",£45.21,Three,Take Me with You
"
    ,
    
        In stock
    
",£45.21,Three,Take Me with You
"
    ,
    
        In stock
    
",£45.21,Three,Take Me with You
"
    ,
    
        In stock
    
",£45.21,Three,Take Me with You
"
    ,
    
        In stock
    
",£45.21,Three,Take Me with You
"
    ,
    
        In stock
    
",£45.21,Three,Take Me with You
"
    ,
    
        In stock
    
",£45.21,Three,Take Me with You
"
    ,
    
        In stock
    
",£45.21,Three,Take Me with You
"
    ,
    
        In stock
    
",£45.21,Three,Take Me with You
"
    ,
    
        In stock
    
",£45.21,Three,Take Me with You
"
    ,
    
        In stock
    
",£38.39,Two,"Naruto (3-in-1 Edition), Vol. 14: Includes Vols. 40, 41 & 42 (Naruto: Omnibus #14)"
"
    ,
    
        In stock
    
",£38.39,Two,"Naruto (3-in-1 Edition), Vol. 14: Includes Vols. 40, 41 & 42 (Naruto: Omnibus #14)"
"
    ,
    
        In stock
    
",£38.39,Two,"Naruto (3-in-1 Edition), Vol. 14: Includes Vols. 40, 41 & 42 (Naruto: Omnibus #14)"
"
    ,
    
        In stock
    
",£38.39,Two,"Naruto (3-in-1 Edition), Vol. 14: Includes Vols. 40, 41 & 42 (Naruto: Omnibus #14)"
"
    ,
    
        In stock
    
",£38.39,Two,"Naruto (3-in-1 Edition), Vol. 14: Includes Vols. 40, 41 & 42 (Naruto: Omnibus #14)"
"
    ,
    
        In stock
    
",£38.39,Two,"Naruto (3-in-1 Edition), Vol. 14: Includes Vols. 40, 41 & 42 (Naruto: Omnibus #14)"
"
    ,
    
        In stock
    
",£38.39,Two,"Naruto (3-in-1 Edition), Vol. 14: Includes Vols. 40, 41 & 42 (Naruto: Omnibus #14)"
"
    ,
    
        In stock
    
",£38.39,Two,"Naruto (3-in-1 Edition), Vol. 14: Includes Vols. 40, 41 & 42 (Naruto: Omnibus #14)"
"
    ,
    
        In stock
    
",£38.39,Two,"Naruto (3-in-1 Edition), Vol. 14: Includes Vols. 40, 41 & 42 (Naruto: Omnibus #14)"
"
    ,
    
        In stock
    
",£38.39,Two,"Naruto (3-in-1 Edition), Vol. 14: Includes Vols. 40, 41 & 42 (Naruto: Omnibus #14)"
"
    ,
    
        In stock
    
",£38.39,Two,"Naruto (3-in-1 Edition), Vol. 14: Includes Vols. 40, 41 & 42 (Naruto: Omnibus #14)"
"
    ,
    
        In stock
    
",£38.39,Two,"Naruto (3-in-1 Edition), Vol. 14: Includes Vols. 40, 41 & 42 (Naruto: Omnibus #14)"
"
    ,
    
        In stock
    
",£38.39,Two,"Naruto (3-in-1 Edition), Vol. 14: Includes Vols. 40, 41 & 42 (Naruto: Omnibus #14)"
"
    ,
    
        In stock
    
",£38.39,Two,"Naruto (3-in-1 Edition), Vol. 14: Includes Vols. 40, 41 & 42 (Naruto: Omnibus #14)"
"
    ,
    
        In stock
    
",£38.39,Two,"Naruto (3-in-1 Edition), Vol. 14: Includes Vols. 40, 41 & 42 (Naruto: Omnibus #14)"
"
    ,
    
        In stock
    
",£38.39,Two,"Naruto (3-in-1 Edition), Vol. 14: Includes Vols. 40, 41 & 42 (Naruto: Omnibus #14)"
"
    ,
    
        In stock
    
",£38.39,Two,"Naruto (3-in-1 Edition), Vol. 14: Includes Vols. 40, 41 & 42 (Naruto: Omnibus #14)"
"
    ,
    
        In stock
    
",£38.39,Two,"Naruto (3-in-1 Edition), Vol. 14: Includes Vols. 40, 41 & 42 (Naruto: Omnibus #14)"
"
    ,
    
        In stock
    
",£38.39,Two,"Naruto (3-in-1 Edition), Vol. 14: Includes Vols. 40, 41 & 42 (Naruto: Omnibus #14)"
"
    ,
    
        In stock
    
",£38.39,Two,"Naruto (3-in-1 Edition), Vol. 14: Includes Vols. 40, 41 & 42 (Naruto: Omnibus #14)"
"
    ,
    
        In stock
    
",£47.02,Three,"Hush, Hush (Hush, Hush #1)"
"
    ,
    
        In stock
    
",£47.02,Three,"Hush, Hush (Hush, Hush #1)"
"
    ,
    
        In stock
    
",£47.02,Three,"Hush, Hush (Hush, Hush #1)"
"
    ,
    
        In stock
    
",£47.02,Three,"Hush, Hush (Hush, Hush #1)"
"
    ,
    
        In stock
    
",£47.02,Three,"Hush, Hush (Hush, Hush #1)"
"
    ,
    
        In stock
    
",£47.02,Three,"Hush, Hush (Hush, Hush #1)"
"
    ,
    
        In stock
    
",£47.02,Three,"Hush, Hush (Hush, Hush #1)"
"
    ,
    
        In stock
    
",£47.02,Three,"Hush, Hush (Hush, Hush #1)"
"
    ,
    
        In stock
    
",£47.02,Three,"Hush, Hush (Hush, Hush #1)"
"
    ,
    
        In stock
    
",£47.02,Three,"Hush, Hush (Hush, Hush #1)"
"
    ,
    
        In stock
    
",£47.02,Three,"Hush, Hush (Hush, Hush #1)"
"
    ,
    
        In stock
    
",£47.02,Three,"Hush, Hush (Hush, Hush #1)"
"
    ,
    
        In stock
    
",£47.02,Three,"Hush, Hush (Hush, Hush #1)"
"
    ,
    
        In stock
    
",£47.02,Three,"Hush, Hush (Hush, Hush #1)"
"
    ,
    
        In stock
    
",£47.02,Three,"Hush, Hush (Hush, Hush #1)"
"
    ,
    
        In stock
    
",£47.02,Three,"Hush, Hush (Hush, Hush #1)"
"
    ,
    
        In stock
    
",£47.02,Three,"Hush, Hush (Hush, Hush #1)"
"
    ,
    
        In stock
    
",£47.02,Three,"Hush, Hush (Hush, Hush #1)"
"
    ,
    
        In stock
    
",£47.02,Three,"Hush, Hush (Hush, Hush #1)"
"
    ,
    
        In stock
    
",£47.02,Three,"Hush, Hush (Hush, Hush #1)"
"
    ,
    
        In stock
    
",£25.01,Three,Cometh the Hour (The Clifton Chronicles #6)
"
    ,
    
        In stock
    
",£25.01,Three,Cometh the Hour (The Clifton Chronicles #6)
"
    ,
    
        In stock
    
",£25.01,Three,Cometh the Hour (The Clifton Chronicles #6)
"
    ,
    
        In stock
    
",£25.01,Three,Cometh the Hour (The Clifton Chronicles #6)
"
    ,
    
        In stock
    
",£25.01,Three,Cometh the Hour (The Clifton Chronicles #6)
"
    ,
    
        In stock
    
",£25.01,Three,Cometh the Hour (The Clifton Chronicles #6)
"
    ,
    
        In stock
    
",£25.01,Three,Cometh the Hour (The Clifton Chronicles #6)
"
    ,
    
        In stock
    
",£25.01,Three,Cometh the Hour (The Clifton Chronicles #6)
"
    ,
    
        In stock
    
",£25.01,Three,Cometh the Hour (The Clifton Chronicles #6)
"
    ,
    
        In stock
    
",£25.01,Three,Cometh the Hour (The Clifton Chronicles #6)
"
    ,
    
        In stock
    
",£25.01,Three,Cometh the Hour (The Clifton Chronicles #6)
"
    ,
    
        In stock
    
",£25.01,Three,Cometh the Hour (The Clifton Chronicles #6)
"
    ,
    
        In stock
    
",£25.01,Three,Cometh the Hour (The Clifton Chronicles #6)
"
    ,
    
        In stock
    
",£25.01,Three,Cometh the Hour (The Clifton Chronicles #6)
"
    ,
    
        In stock
    
",£25.01,Three,Cometh the Hour (The Clifton Chronicles #6)
"
    ,
    
        In stock
    
",£25.01,Three,Cometh the Hour (The Clifton Chronicles #6)
"
    ,
    
        In stock
    
",£25.01,Three,Cometh the Hour (The Clifton Chronicles #6)
"
    ,
    
        In stock
    
",£25.01,Three,Cometh the Hour (The Clifton Chronicles #6)
"
    ,
    
        In stock
    
",£25.01,Three,Cometh the Hour (The Clifton Chronicles #6)
"
    ,
    
        In stock
    
",£25.01,Three,Cometh the Hour (The Clifton Chronicles #6)
"
    ,
    
        In stock
    
",£51.48,Three,Angels & Demons (Robert Langdon #1)
"
    ,
    
        In stock
    
",£51.48,Three,Angels & Demons (Robert Langdon #1)
"
    ,
    
        In stock
    
",£51.48,Three,Angels & Demons (Robert Langdon #1)
"
    ,
    
        In stock
    
",£51.48,Three,Angels & Demons (Robert Langdon #1)
"
    ,
    
        In stock
    
",£51.48,Three,Angels & Demons (Robert Langdon #1)
"
    ,
    
        In stock
    
",£51.48,Three,Angels & Demons (Robert Langdon #1)
"
    ,
    
        In stock
    
",£51.48,Three,Angels & Demons (Robert Langdon #1)
"
    ,
    
        In stock
    
",£51.48,Three,Angels & Demons (Robert Langdon #1)
"
    ,
    
        In stock
    
",£51.48,Three,Angels & Demons (Robert Langdon #1)
"
    ,
    
        In stock
    
",£51.48,Three,Angels & Demons (Robert Langdon #1)
"
    ,
    
        In stock
    
",£51.48,Three,Angels & Demons (Robert Langdon #1)
"
    ,
    
        In stock
    
",£51.48,Three,Angels & Demons (Robert Langdon #1)
"
    ,
    
        In stock
    
",£51.48,Three,Angels & Demons (Robert Langdon #1)
"
    ,
    
        In stock
    
",£51.48,Three,Angels & Demons (Robert Langdon #1)
"
    ,
    
        In stock
    
",£51.48,Three,Angels & Demons (Robert Langdon #1)
"
    ,
    
        In stock
    
",£51.48,Three,Angels & Demons (Robert Langdon #1)
"
    ,
    
        In stock
    
",£51.48,Three,Angels & Demons (Robert Langdon #1)
"
    ,
    
        In stock
    
",£51.48,Three,Angels & Demons (Robert Langdon #1)
"
    ,
    
        In stock
    
",£51.48,Three,Angels & Demons (Robert Langdon #1)
"
    ,
    
        In stock
    
",£51.48,Three,Angels & Demons (Robert Langdon #1)
"
    ,
    
        In stock
    
",£46.29,Five,The Silent Sister (Riley MacPherson #1)
"
    ,
    
        In stock
    
",£46.29,Five,The Silent Sister (Riley MacPherson #1)
"
    ,
    
        In stock
    
",£46.29,Five,The Silent Sister (Riley MacPherson #1)
"
    ,
    
        In stock
    
",£46.29,Five,The Silent Sister (Riley MacPherson #1)
"
    ,
    
        In stock
    
",£46.29,Five,The Silent Sister (Riley MacPherson #1)
"
    ,
    
        In stock
    
",£46.29,Five,The Silent Sister (Riley MacPherson #1)
"
    ,
    
        In stock
    
",£46.29,Five,The Silent Sister (Riley MacPherson #1)
"
    ,
    
        In stock
    
",£46.29,Five,The Silent Sister (Riley MacPherson #1)
"
    ,
    
        In stock
    
",£46.29,Five,The Silent Sister (Riley MacPherson #1)
"
    ,
    
        In stock
    
",£46.29,Five,The Silent Sister (Riley MacPherson #1)
"
    ,
    
        In stock
    
",£46.29,Five,The Silent Sister (Riley MacPherson #1)
"
    ,
    
        In stock
    
",£46.29,Five,The Silent Sister (Riley MacPherson #1)
"
    ,
    
        In stock
    
",£46.29,Five,The Silent Sister (Riley MacPherson #1)
"
    ,
    
        In stock
    
",£46.29,Five,The Silent Sister (Riley MacPherson #1)
"
    ,
    
        In stock
    
",£46.29,Five,The Silent Sister (Riley MacPherson #1)
"
    ,
    
        In stock
    
",£46.29,Five,The Silent Sister (Riley MacPherson #1)
"
    ,
    
        In stock
    
",£46.29,Five,The Silent Sister (Riley MacPherson #1)
"
    ,
    
        In stock
    
",£46.29,Five,The Silent Sister (Riley MacPherson #1)
"
    ,
    
        In stock
    
",£46.29,Five,The Silent Sister (Riley MacPherson #1)
"
    ,
    
        In stock
    
",£46.29,Five,The Silent Sister (Riley MacPherson #1)
"
    ,
    
        In stock
    
",£58.32,Five,How to Speak Golf: An Illustrated Guide to Links Lingo
"
    ,
    
        In stock
    
",£58.32,Five,How to Speak Golf: An Illustrated Guide to Links Lingo
"
    ,
    
        In stock
    
",£58.32,Five,How to Speak Golf: An Illustrated Guide to Links Lingo
"
    ,
    
        In stock
    
",£58.32,Five,How to Speak Golf: An Illustrated Guide to Links Lingo
"
    ,
    
        In stock
    
",£58.32,Five,How to Speak Golf: An Illustrated Guide to Links Lingo
"
    ,
    
        In stock
    
",£58.32,Five,How to Speak Golf: An Illustrated Guide to Links Lingo
"
    ,
    
        In stock
    
",£58.32,Five,How to Speak Golf: An Illustrated Guide to Links Lingo
"
    ,
    
        In stock
    
",£58.32,Five,How to Speak Golf: An Illustrated Guide to Links Lingo
"
    ,
    
        In stock
    
",£58.32,Five,How to Speak Golf: An Illustrated Guide to Links Lingo
"
    ,
    
        In stock
    
",£58.32,Five,How to Speak Golf: An Illustrated Guide to Links Lingo
"
    ,
    
        In stock
    
",£58.32,Five,How to Speak Golf: An Illustrated Guide to Links Lingo
"
    ,
    
        In stock
    
",£58.32,Five,How to Speak Golf: An Illustrated Guide to Links Lingo
"
    ,
    
        In stock
    
",£58.32,Five,How to Speak Golf: An Illustrated Guide to Links Lingo
"
    ,
    
        In stock
    
",£58.32,Five,How to Speak Golf: An Illustrated Guide to Links Lingo
"
    ,
    
        In stock
    
",£58.32,Five,How to Speak Golf: An Illustrated Guide to Links Lingo
"
    ,
    
        In stock
    
",£58.32,Five,How to Speak Golf: An Illustrated Guide to Links Lingo
"
    ,
    
        In stock
    
",£58.32,Five,How to Speak Golf: An Illustrated Guide to Links Lingo
"
    ,
    
        In stock
    
",£58.32,Five,How to Speak Golf: An Illustrated Guide to Links Lingo
"
    ,
    
        In stock
    
",£58.32,Five,How to Speak Golf: An Illustrated Guide to Links Lingo
"
    ,
    
        In stock
    
",£58.32,Five,How to Speak Golf: An Illustrated Guide to Links Lingo
"
    ,
    
        In stock
    
",£47.67,Three,Off the Hook (Fishing for Trouble #1)
"
    ,
    
        In stock
    
",£47.67,Three,Off the Hook (Fishing for Trouble #1)
"
    ,
    
        In stock
    
",£47.67,Three,Off the Hook (Fishing for Trouble #1)
"
    ,
    
        In stock
    
",£47.67,Three,Off the Hook (Fishing for Trouble #1)
"
    ,
    
        In stock
    
",£47.67,Three,Off the Hook (Fishing for Trouble #1)
"
    ,
    
        In stock
    
",£47.67,Three,Off the Hook (Fishing for Trouble #1)
"
    ,
    
        In stock
    
",£47.67,Three,Off the Hook (Fishing for Trouble #1)
"
    ,
    
        In stock
    
",£47.67,Three,Off the Hook (Fishing for Trouble #1)
"
    ,
    
        In stock
    
",£47.67,Three,Off the Hook (Fishing for Trouble #1)
"
    ,
    
        In stock
    
",£47.67,Three,Off the Hook (Fishing for Trouble #1)
"
    ,
    
        In stock
    
",£47.67,Three,Off the Hook (Fishing for Trouble #1)
"
    ,
    
        In stock
    
",£47.67,Three,Off the Hook (Fishing for Trouble #1)
"
    ,
    
        In stock
    
",£47.67,Three,Off the Hook (Fishing for Trouble #1)
"
    ,
    
        In stock
    
",£47.67,Three,Off the Hook (Fishing for Trouble #1)
"
    ,
    
        In stock
    
",£47.67,Three,Off the Hook (Fishing for Trouble #1)
"
    ,
    
        In stock
    
",£47.67,Three,Off the Hook (Fishing for Trouble #1)
"
    ,
    
        In stock
    
",£47.67,Three,Off the Hook (Fishing for Trouble #1)
"
    ,
    
        In stock
    
",£47.67,Three,Off the Hook (Fishing for Trouble #1)
"
    ,
    
        In stock
    
",£47.67,Three,Off the Hook (Fishing for Trouble #1)
"
    ,
    
        In stock
    
",£47.67,Three,Off the Hook (Fishing for Trouble #1)
"
    ,
    
        In stock
    
",£49.71,Five,10-Day Green Smoothie Cleanse: Lose Up to 15 Pounds in 10 Days!
"
    ,
    
        In stock
    
",£49.71,Five,10-Day Green Smoothie Cleanse: Lose Up to 15 Pounds in 10 Days!
"
    ,
    
        In stock
    
",£49.71,Five,10-Day Green Smoothie Cleanse: Lose Up to 15 Pounds in 10 Days!
"
    ,
    
        In stock
    
",£49.71,Five,10-Day Green Smoothie Cleanse: Lose Up to 15 Pounds in 10 Days!
"
    ,
    
        In stock
    
",£49.71,Five,10-Day Green Smoothie Cleanse: Lose Up to 15 Pounds in 10 Days!
"
    ,
    
        In stock
    
",£49.71,Five,10-Day Green Smoothie Cleanse: Lose Up to 15 Pounds in 10 Days!
"
    ,
    
        In stock
    
",£49.71,Five,10-Day Green Smoothie Cleanse: Lose Up to 15 Pounds in 10 Days!
"
    ,
    
        In stock
    
",£49.71,Five,10-Day Green Smoothie Cleanse: Lose Up to 15 Pounds in 10 Days!
"
    ,
    
        In stock
    
",£49.71,Five,10-Day Green Smoothie Cleanse: Lose Up to 15 Pounds in 10 Days!
"
    ,
    
        In stock
    
",£49.71,Five,10-Day Green Smoothie Cleanse: Lose Up to 15 Pounds in 10 Days!
"
    ,
    
        In stock
    
",£49.71,Five,10-Day Green Smoothie Cleanse: Lose Up to 15 Pounds in 10 Days!
"
    ,
    
        In stock
    
",£49.71,Five,10-Day Green Smoothie Cleanse: Lose Up to 15 Pounds in 10 Days!
"
    ,
    
        In stock
    
",£49.71,Five,10-Day Green Smoothie Cleanse: Lose Up to 15 Pounds in 10 Days!
"
    ,
    
        In stock
    
",£49.71,Five,10-Day Green Smoothie Cleanse: Lose Up to 15 Pounds in 10 Days!
"
    ,
    
        In stock
    
",£49.71,Five,10-Day Green Smoothie Cleanse: Lose Up to 15 Pounds in 10 Days!
"
    ,
    
        In stock
    
",£49.71,Five,10-Day Green Smoothie Cleanse: Lose Up to 15 Pounds in 10 Days!
"
    ,
    
        In stock
    
",£49.71,Five,10-Day Green Smoothie Cleanse: Lose Up to 15 Pounds in 10 Days!
"
    ,
    
        In stock
    
",£49.71,Five,10-Day Green Smoothie Cleanse: Lose Up to 15 Pounds in 10 Days!
"
    ,
    
        In stock
    
",£49.71,Five,10-Day Green Smoothie Cleanse: Lose Up to 15 Pounds in 10 Days!
"
    ,
    
        In stock
    
",£49.71,Five,10-Day Green Smoothie Cleanse: Lose Up to 15 Pounds in 10 Days!
"
    ,
    
        In stock
    
",£33.23,One,Don't Forget Steven
"
    ,
    
        In stock
    
",£33.23,One,Don't Forget Steven
"
    ,
    
        In stock
    
",£33.23,One,Don't Forget Steven
"
    ,
    
        In stock
    
",£33.23,One,Don't Forget Steven
"
    ,
    
        In stock
    
",£33.23,One,Don't Forget Steven
"
    ,
    
        In stock
    
",£33.23,One,Don't Forget Steven
"
    ,
    
        In stock
    
",£33.23,One,Don't Forget Steven
"
    ,
    
        In stock
    
",£33.23,One,Don't Forget Steven
"
    ,
    
        In stock
    
",£33.23,One,Don't Forget Steven
"
    ,
    
        In stock
    
",£33.23,One,Don't Forget Steven
"
    ,
    
        In stock
    
",£33.23,One,Don't Forget Steven
"
    ,
    
        In stock
    
",£33.23,One,Don't Forget Steven
"
    ,
    
        In stock
    
",£33.23,One,Don't Forget Steven
"
    ,
    
        In stock
    
",£33.23,One,Don't Forget Steven
"
    ,
    
        In stock
    
",£33.23,One,Don't Forget Steven
"
    ,
    
        In stock
    
",£33.23,One,Don't Forget Steven
"
    ,
    
        In stock
    
",£33.23,One,Don't Forget Steven
"
    ,
    
        In stock
    
",£33.23,One,Don't Forget Steven
"
    ,
    
        In stock
    
",£33.23,One,Don't Forget Steven
"
    ,
    
        In stock
    
",£33.23,One,Don't Forget Steven
"
    ,
    
        In stock
    
",£39.67,Five,Shadows of the Past (Logan Point #1)
"
    ,
    
        In stock
    
",£39.67,Five,Shadows of the Past (Logan Point #1)
"
    ,
    
        In stock
    
",£39.67,Five,Shadows of the Past (Logan Point #1)
"
    ,
    
        In stock
    
",£39.67,Five,Shadows of the Past (Logan Point #1)
"
    ,
    
        In stock
    
",£39.67,Five,Shadows of the Past (Logan Point #1)
"
    ,
    
        In stock
    
",£39.67,Five,Shadows of the Past (Logan Point #1)
"
    ,
    
        In stock
    
",£39.67,Five,Shadows of the Past (Logan Point #1)
"
    ,
    
        In stock
    
",£39.67,Five,Shadows of the Past (Logan Point #1)
"
    ,
    
        In stock
    
",£39.67,Five,Shadows of the Past (Logan Point #1)
"
    ,
    
        In stock
    
",£39.67,Five,Shadows of the Past (Logan Point #1)
"
    ,
    
        In stock
    
",£39.67,Five,Shadows of the Past (Logan Point #1)
"
    ,
    
        In stock
    
",£39.67,Five,Shadows of the Past (Logan Point #1)
"
    ,
    
        In stock
    
",£39.67,Five,Shadows of the Past (Logan Point #1)
"
    ,
    
        In stock
    
",£39.67,Five,Shadows of the Past (Logan Point #1)
"
    ,
    
        In stock
    
",£39.67,Five,Shadows of the Past (Logan Point #1)
"
    ,
    
        In stock
    
",£39.67,Five,Shadows of the Past (Logan Point #1)
"
    ,
    
        In stock
    
",£39.67,Five,Shadows of the Past (Logan Point #1)
"
    ,
    
        In stock
    
",£39.67,Five,Shadows of the Past (Logan Point #1)
"
    ,
    
        In stock
    
",£39.67,Five,Shadows of the Past (Logan Point #1)
"
    ,
    
        In stock
    
",£39.67,Five,Shadows of the Past (Logan Point #1)
"
    ,
    
        In stock
    
",£10.29,Four,History of Beauty
"
    ,
    
        In stock
    
",£10.29,Four,History of Beauty
"
    ,
    
        In stock
    
",£10.29,Four,History of Beauty
"
    ,
    
        In stock
    
",£10.29,Four,History of Beauty
"
    ,
    
        In stock
    
",£10.29,Four,History of Beauty
"
    ,
    
        In stock
    
",£10.29,Four,History of Beauty
"
    ,
    
        In stock
    
",£10.29,Four,History of Beauty
"
    ,
    
        In stock
    
",£10.29,Four,History of Beauty
"
    ,
    
        In stock
    
",£10.29,Four,History of Beauty
"
    ,
    
        In stock
    
",£10.29,Four,History of Beauty
"
    ,
    
        In stock
    
",£10.29,Four,History of Beauty
"
    ,
    
        In stock
    
",£10.29,Four,History of Beauty
"
    ,
    
        In stock
    
",£10.29,Four,History of Beauty
"
    ,
    
        In stock
    
",£10.29,Four,History of Beauty
"
    ,
    
        In stock
    
",£10.29,Four,History of Beauty
"
    ,
    
        In stock
    
",£10.29,Four,History of Beauty
"
    ,
    
        In stock
    
",£10.29,Four,History of Beauty
"
    ,
    
        In stock
    
",£10.29,Four,History of Beauty
"
    ,
    
        In stock
    
",£10.29,Four,History of Beauty
"
    ,
    
        In stock
    
",£10.29,Four,History of Beauty
"
    ,
    
        In stock
    
",£35.96,Four,The Whale
"
    ,
    
        In stock
    
",£35.96,Four,The Whale
"
    ,
    
        In stock
    
",£35.96,Four,The Whale
"
    ,
    
        In stock
    
",£35.96,Four,The Whale
"
    ,
    
        In stock
    
",£35.96,Four,The Whale
"
    ,
    
        In stock
    
",£35.96,Four,The Whale
"
    ,
    
        In stock
    
",£35.96,Four,The Whale
"
    ,
    
        In stock
    
",£35.96,Four,The Whale
"
    ,
    
        In stock
    
",£35.96,Four,The Whale
"
    ,
    
        In stock
    
",£35.96,Four,The Whale
"
    ,
    
        In stock
    
",£35.96,Four,The Whale
"
    ,
    
        In stock
    
",£35.96,Four,The Whale
"
    ,
    
        In stock
    
",£35.96,Four,The Whale
"
    ,
    
        In stock
    
",£35.96,Four,The Whale
"
    ,
    
        In stock
    
",£35.96,Four,The Whale
"
    ,
    
        In stock
    
",£35.96,Four,The Whale
"
    ,
    
        In stock
    
",£35.96,Four,The Whale
"
    ,
    
        In stock
    
",£35.96,Four,The Whale
"
    ,
    
        In stock
    
",£35.96,Four,The Whale
"
    ,
    
        In stock
    
",£35.96,Four,The Whale
"
    ,
    
        In stock
    
",£32.38,One,Playing from the Heart
"
    ,
    
        In stock
    
",£32.38,One,Playing from the Heart
"
    ,
    
        In stock
    
",£32.38,One,Playing from the Heart
"
    ,
    
        In stock
    
",£32.38,One,Playing from the Heart
"
    ,
    
        In stock
    
",£32.38,One,Playing from the Heart
"
    ,
    
        In stock
    
",£32.38,One,Playing from the Heart
"
    ,
    
        In stock
    
",£32.38,One,Playing from the Heart
"
    ,
    
        In stock
    
",£32.38,One,Playing from the Heart
"
    ,
    
        In stock
    
",£32.38,One,Playing from the Heart
"
    ,
    
        In stock
    
",£32.38,One,Playing from the Heart
"
    ,
    
        In stock
    
",£32.38,One,Playing from the Heart
"
    ,
    
        In stock
    
",£32.38,One,Playing from the Heart
"
    ,
    
        In stock
    
",£32.38,One,Playing from the Heart
"
    ,
    
        In stock
    
",£32.38,One,Playing from the Heart
"
    ,
    
        In stock
    
",£32.38,One,Playing from the Heart
"
    ,
    
        In stock
    
",£32.38,One,Playing from the Heart
"
    ,
    
        In stock
    
",£32.38,One,Playing from the Heart
"
    ,
    
        In stock
    
",£32.38,One,Playing from the Heart
"
    ,
    
        In stock
    
",£32.38,One,Playing from the Heart
"
    ,
    
        In stock
    
",£32.38,One,Playing from the Heart
"
    ,
    
        In stock
    
",£25.77,One,Blue Like Jazz: Nonreligious Thoughts on Christian Spirituality
"
    ,
    
        In stock
    
",£25.77,One,Blue Like Jazz: Nonreligious Thoughts on Christian Spirituality
"
    ,
    
        In stock
    
",£25.77,One,Blue Like Jazz: Nonreligious Thoughts on Christian Spirituality
"
    ,
    
        In stock
    
",£25.77,One,Blue Like Jazz: Nonreligious Thoughts on Christian Spirituality
"
    ,
    
        In stock
    
",£25.77,One,Blue Like Jazz: Nonreligious Thoughts on Christian Spirituality
"
    ,
    
        In stock
    
",£25.77,One,Blue Like Jazz: Nonreligious Thoughts on Christian Spirituality
"
    ,
    
        In stock
    
",£25.77,One,Blue Like Jazz: Nonreligious Thoughts on Christian Spirituality
"
    ,
    
        In stock
    
",£25.77,One,Blue Like Jazz: Nonreligious Thoughts on Christian Spirituality
"
    ,
    
        In stock
    
",£25.77,One,Blue Like Jazz: Nonreligious Thoughts on Christian Spirituality
"
    ,
    
        In stock
    
",£25.77,One,Blue Like Jazz: Nonreligious Thoughts on Christian Spirituality
"
    ,
    
        In stock
    
",£25.77,One,Blue Like Jazz: Nonreligious Thoughts on Christian Spirituality
"
    ,
    
        In stock
    
",£25.77,One,Blue Like Jazz: Nonreligious Thoughts on Christian Spirituality
"
    ,
    
        In stock
    
",£25.77,One,Blue Like Jazz: Nonreligious Thoughts on Christian Spirituality
"
    ,
    
        In stock
    
",£25.77,One,Blue Like Jazz: Nonreligious Thoughts on Christian Spirituality
"
    ,
    
        In stock
    
",£25.77,One,Blue Like Jazz: Nonreligious Thoughts on Christian Spirituality
"
    ,
    
        In stock
    
",£25.77,One,Blue Like Jazz: Nonreligious Thoughts on Christian Spirituality
"
    ,
    
        In stock
    
",£25.77,One,Blue Like Jazz: Nonreligious Thoughts on Christian Spirituality
"
    ,
    
        In stock
    
",£25.77,One,Blue Like Jazz: Nonreligious Thoughts on Christian Spirituality
"
    ,
    
        In stock
    
",£25.77,One,Blue Like Jazz: Nonreligious Thoughts on Christian Spirituality
"
    ,
    
        In stock
    
",£25.77,One,Blue Like Jazz: Nonreligious Thoughts on Christian Spirituality
"
    ,
    
        In stock
    
",£15.42,Five,The Collected Poems of W.B. Yeats (The Collected Works of W.B. Yeats #1)
"
    ,
    
        In stock
    
",£15.42,Five,The Collected Poems of W.B. Yeats (The Collected Works of W.B. Yeats #1)
"
    ,
    
        In stock
    
",£15.42,Five,The Collected Poems of W.B. Yeats (The Collected Works of W.B. Yeats #1)
"
    ,
    
        In stock
    
",£15.42,Five,The Collected Poems of W.B. Yeats (The Collected Works of W.B. Yeats #1)
"
    ,
    
        In stock
    
",£15.42,Five,The Collected Poems of W.B. Yeats (The Collected Works of W.B. Yeats #1)
"
    ,
    
        In stock
    
",£15.42,Five,The Collected Poems of W.B. Yeats (The Collected Works of W.B. Yeats #1)
"
    ,
    
        In stock
    
",£15.42,Five,The Collected Poems of W.B. Yeats (The Collected Works of W.B. Yeats #1)
"
    ,
    
        In stock
    
",£15.42,Five,The Collected Poems of W.B. Yeats (The Collected Works of W.B. Yeats #1)
"
    ,
    
        In stock
    
",£15.42,Five,The Collected Poems of W.B. Yeats (The Collected Works of W.B. Yeats #1)
"
    ,
    
        In stock
    
",£15.42,Five,The Collected Poems of W.B. Yeats (The Collected Works of W.B. Yeats #1)
"
    ,
    
        In stock
    
",£15.42,Five,The Collected Poems of W.B. Yeats (The Collected Works of W.B. Yeats #1)
"
    ,
    
        In stock
    
",£15.42,Five,The Collected Poems of W.B. Yeats (The Collected Works of W.B. Yeats #1)
"
    ,
    
        In stock
    
",£15.42,Five,The Collected Poems of W.B. Yeats (The Collected Works of W.B. Yeats #1)
"
    ,
    
        In stock
    
",£15.42,Five,The Collected Poems of W.B. Yeats (The Collected Works of W.B. Yeats #1)
"
    ,
    
        In stock
    
",£15.42,Five,The Collected Poems of W.B. Yeats (The Collected Works of W.B. Yeats #1)
"
    ,
    
        In stock
    
",£15.42,Five,The Collected Poems of W.B. Yeats (The Collected Works of W.B. Yeats #1)
"
    ,
    
        In stock
    
",£15.42,Five,The Collected Poems of W.B. Yeats (The Collected Works of W.B. Yeats #1)
"
    ,
    
        In stock
    
",£15.42,Five,The Collected Poems of W.B. Yeats (The Collected Works of W.B. Yeats #1)
"
    ,
    
        In stock
    
",£15.42,Five,The Collected Poems of W.B. Yeats (The Collected Works of W.B. Yeats #1)
"
    ,
    
        In stock
    
",£15.42,Five,The Collected Poems of W.B. Yeats (The Collected Works of W.B. Yeats #1)
"
    ,
    
        In stock
    
",£56.88,Four,A Year in Provence (Provence #1)
"
    ,
    
        In stock
    
",£56.88,Four,A Year in Provence (Provence #1)
"
    ,
    
        In stock
    
",£56.88,Four,A Year in Provence (Provence #1)
"
    ,
    
        In stock
    
",£56.88,Four,A Year in Provence (Provence #1)
"
    ,
    
        In stock
    
",£56.88,Four,A Year in Provence (Provence #1)
"
    ,
    
        In stock
    
",£56.88,Four,A Year in Provence (Provence #1)
"
    ,
    
        In stock
    
",£56.88,Four,A Year in Provence (Provence #1)
"
    ,
    
        In stock
    
",£56.88,Four,A Year in Provence (Provence #1)
"
    ,
    
        In stock
    
",£56.88,Four,A Year in Provence (Provence #1)
"
    ,
    
        In stock
    
",£56.88,Four,A Year in Provence (Provence #1)
"
    ,
    
        In stock
    
",£56.88,Four,A Year in Provence (Provence #1)
"
    ,
    
        In stock
    
",£56.88,Four,A Year in Provence (Provence #1)
"
    ,
    
        In stock
    
",£56.88,Four,A Year in Provence (Provence #1)
"
    ,
    
        In stock
    
",£56.88,Four,A Year in Provence (Provence #1)
"
    ,
    
        In stock
    
",£56.88,Four,A Year in Provence (Provence #1)
"
    ,
    
        In stock
    
",£56.88,Four,A Year in Provence (Provence #1)
"
    ,
    
        In stock
    
",£56.88,Four,A Year in Provence (Provence #1)
"
    ,
    
        In stock
    
",£56.88,Four,A Year in Provence (Provence #1)
"
    ,
    
        In stock
    
",£56.88,Four,A Year in Provence (Provence #1)
"
    ,
    
        In stock
    
",£56.88,Four,A Year in Provence (Provence #1)
"
    ,
    
        In stock
    
",£44.58,Two,The Expatriates
"
    ,
    
        In stock
    
",£44.58,Two,The Expatriates
"
    ,
    
        In stock
    
",£44.58,Two,The Expatriates
"
    ,
    
        In stock
    
",£44.58,Two,The Expatriates
"
    ,
    
        In stock
    
",£44.58,Two,The Expatriates
"
    ,
    
        In stock
    
",£44.58,Two,The Expatriates
"
    ,
    
        In stock
    
",£44.58,Two,The Expatriates
"
    ,
    
        In stock
    
",£44.58,Two,The Expatriates
"
    ,
    
        In stock
    
",£44.58,Two,The Expatriates
"
    ,
    
        In stock
    
",£44.58,Two,The Expatriates
"
    ,
    
        In stock
    
",£44.58,Two,The Expatriates
"
    ,
    
        In stock
    
",£44.58,Two,The Expatriates
"
    ,
    
        In stock
    
",£44.58,Two,The Expatriates
"
    ,
    
        In stock
    
",£44.58,Two,The Expatriates
"
    ,
    
        In stock
    
",£44.58,Two,The Expatriates
"
    ,
    
        In stock
    
",£44.58,Two,The Expatriates
"
    ,
    
        In stock
    
",£44.58,Two,The Expatriates
"
    ,
    
        In stock
    
",£44.58,Two,The Expatriates
"
    ,
    
        In stock
    
",£44.58,Two,The Expatriates
"
    ,
    
        In stock
    
",£44.58,Two,The Expatriates
"
    ,
    
        In stock
    
",£15.52,Five,Kill the Boy Band
"
    ,
    
        In stock
    
",£15.52,Five,Kill the Boy Band
"
    ,
    
        In stock
    
",£15.52,Five,Kill the Boy Band
"
    ,
    
        In stock
    
",£15.52,Five,Kill the Boy Band
"
    ,
    
        In stock
    
",£15.52,Five,Kill the Boy Band
"
    ,
    
        In stock
    
",£15.52,Five,Kill the Boy Band
"
    ,
    
        In stock
    
",£15.52,Five,Kill the Boy Band
"
    ,
    
        In stock
    
",£15.52,Five,Kill the Boy Band
"
    ,
    
        In stock
    
",£15.52,Five,Kill the Boy Band
"
    ,
    
        In stock
    
",£15.52,Five,Kill the Boy Band
"
    ,
    
        In stock
    
",£15.52,Five,Kill the Boy Band
"
    ,
    
        In stock
    
",£15.52,Five,Kill the Boy Band
"
    ,
    
        In stock
    
",£15.52,Five,Kill the Boy Band
"
    ,
    
        In stock
    
",£15.52,Five,Kill the Boy Band
"
    ,
    
        In stock
    
",£15.52,Five,Kill the Boy Band
"
    ,
    
        In stock
    
",£15.52,Five,Kill the Boy Band
"
    ,
    
        In stock
    
",£15.52,Five,Kill the Boy Band
"
    ,
    
        In stock
    
",£15.52,Five,Kill the Boy Band
"
    ,
    
        In stock
    
",£15.52,Five,Kill the Boy Band
"
    ,
    
        In stock
    
",£15.52,Five,Kill the Boy Band
"
    ,
    
        In stock
    
",£51.22,Two,America's War for the Greater Middle East: A Military History
"
    ,
    
        In stock
    
",£51.22,Two,America's War for the Greater Middle East: A Military History
"
    ,
    
        In stock
    
",£51.22,Two,America's War for the Greater Middle East: A Military History
"
    ,
    
        In stock
    
",£51.22,Two,America's War for the Greater Middle East: A Military History
"
    ,
    
        In stock
    
",£51.22,Two,America's War for the Greater Middle East: A Military History
"
    ,
    
        In stock
    
",£51.22,Two,America's War for the Greater Middle East: A Military History
"
    ,
    
        In stock
    
",£51.22,Two,America's War for the Greater Middle East: A Military History
"
    ,
    
        In stock
    
",£51.22,Two,America's War for the Greater Middle East: A Military History
"
    ,
    
        In stock
    
",£51.22,Two,America's War for the Greater Middle East: A Military History
"
    ,
    
        In stock
    
",£51.22,Two,America's War for the Greater Middle East: A Military History
"
    ,
    
        In stock
    
",£51.22,Two,America's War for the Greater Middle East: A Military History
"
    ,
    
        In stock
    
",£51.22,Two,America's War for the Greater Middle East: A Military History
"
    ,
    
        In stock
    
",£51.22,Two,America's War for the Greater Middle East: A Military History
"
    ,
    
        In stock
    
",£51.22,Two,America's War for the Greater Middle East: A Military History
"
    ,
    
        In stock
    
",£51.22,Two,America's War for the Greater Middle East: A Military History
"
    ,
    
        In stock
    
",£51.22,Two,America's War for the Greater Middle East: A Military History
"
    ,
    
        In stock
    
",£51.22,Two,America's War for the Greater Middle East: A Military History
"
    ,
    
        In stock
    
",£51.22,Two,America's War for the Greater Middle East: A Military History
"
    ,
    
        In stock
    
",£51.22,Two,America's War for the Greater Middle East: A Military History
"
    ,
    
        In stock
    
",£51.22,Two,America's War for the Greater Middle East: A Military History
"
    ,
    
        In stock
    
",£13.73,Five,Some Women
"
    ,
    
        In stock
    
",£13.73,Five,Some Women
"
    ,
    
        In stock
    
",£13.73,Five,Some Women
"
    ,
    
        In stock
    
",£13.73,Five,Some Women
"
    ,
    
        In stock
    
",£13.73,Five,Some Women
"
    ,
    
        In stock
    
",£13.73,Five,Some Women
"
    ,
    
        In stock
    
",£13.73,Five,Some Women
"
    ,
    
        In stock
    
",£13.73,Five,Some Women
"
    ,
    
        In stock
    
",£13.73,Five,Some Women
"
    ,
    
        In stock
    
",£13.73,Five,Some Women
"
    ,
    
        In stock
    
",£13.73,Five,Some Women
"
    ,
    
        In stock
    
",£13.73,Five,Some Women
"
    ,
    
        In stock
    
",£13.73,Five,Some Women
"
    ,
    
        In stock
    
",£13.73,Five,Some Women
"
    ,
    
        In stock
    
",£13.73,Five,Some Women
"
    ,
    
        In stock
    
",£13.73,Five,Some Women
"
    ,
    
        In stock
    
",£13.73,Five,Some Women
"
    ,
    
        In stock
    
",£13.73,Five,Some Women
"
    ,
    
        In stock
    
",£13.73,Five,Some Women
"
    ,
    
        In stock
    
",£13.73,Five,Some Women
"
    ,
    
        In stock
    
",£50.44,Four,"Fruits Basket, Vol. 4 (Fruits Basket #4)"
"
    ,
    
        In stock
    
",£50.44,Four,"Fruits Basket, Vol. 4 (Fruits Basket #4)"
"
    ,
    
        In stock
    
",£50.44,Four,"Fruits Basket, Vol. 4 (Fruits Basket #4)"
"
    ,
    
        In stock
    
",£50.44,Four,"Fruits Basket, Vol. 4 (Fruits Basket #4)"
"
    ,
    
        In stock
    
",£50.44,Four,"Fruits Basket, Vol. 4 (Fruits Basket #4)"
"
    ,
    
        In stock
    
",£50.44,Four,"Fruits Basket, Vol. 4 (Fruits Basket #4)"
"
    ,
    
        In stock
    
",£50.44,Four,"Fruits Basket, Vol. 4 (Fruits Basket #4)"
"
    ,
    
        In stock
    
",£50.44,Four,"Fruits Basket, Vol. 4 (Fruits Basket #4)"
"
    ,
    
        In stock
    
",£50.44,Four,"Fruits Basket, Vol. 4 (Fruits Basket #4)"
"
    ,
    
        In stock
    
",£50.44,Four,"Fruits Basket, Vol. 4 (Fruits Basket #4)"
"
    ,
    
        In stock
    
",£50.44,Four,"Fruits Basket, Vol. 4 (Fruits Basket #4)"
"
    ,
    
        In stock
    
",£50.44,Four,"Fruits Basket, Vol. 4 (Fruits Basket #4)"
"
    ,
    
        In stock
    
",£50.44,Four,"Fruits Basket, Vol. 4 (Fruits Basket #4)"
"
    ,
    
        In stock
    
",£50.44,Four,"Fruits Basket, Vol. 4 (Fruits Basket #4)"
"
    ,
    
        In stock
    
",£50.44,Four,"Fruits Basket, Vol. 4 (Fruits Basket #4)"
"
    ,
    
        In stock
    
",£50.44,Four,"Fruits Basket, Vol. 4 (Fruits Basket #4)"
"
    ,
    
        In stock
    
",£50.44,Four,"Fruits Basket, Vol. 4 (Fruits Basket #4)"
"
    ,
    
        In stock
    
",£50.44,Four,"Fruits Basket, Vol. 4 (Fruits Basket #4)"
"
    ,
    
        In stock
    
",£50.44,Four,"Fruits Basket, Vol. 4 (Fruits Basket #4)"
"
    ,
    
        In stock
    
",£50.44,Four,"Fruits Basket, Vol. 4 (Fruits Basket #4)"
"
    ,
    
        In stock
    
",£24.04,One,We Are All Completely Beside Ourselves
"
    ,
    
        In stock
    
",£24.04,One,We Are All Completely Beside Ourselves
"
    ,
    
        In stock
    
",£24.04,One,We Are All Completely Beside Ourselves
"
    ,
    
        In stock
    
",£24.04,One,We Are All Completely Beside Ourselves
"
    ,
    
        In stock
    
",£24.04,One,We Are All Completely Beside Ourselves
"
    ,
    
        In stock
    
",£24.04,One,We Are All Completely Beside Ourselves
"
    ,
    
        In stock
    
",£24.04,One,We Are All Completely Beside Ourselves
"
    ,
    
        In stock
    
",£24.04,One,We Are All Completely Beside Ourselves
"
    ,
    
        In stock
    
",£24.04,One,We Are All Completely Beside Ourselves
"
    ,
    
        In stock
    
",£24.04,One,We Are All Completely Beside Ourselves
"
    ,
    
        In stock
    
",£24.04,One,We Are All Completely Beside Ourselves
"
    ,
    
        In stock
    
",£24.04,One,We Are All Completely Beside Ourselves
"
    ,
    
        In stock
    
",£24.04,One,We Are All Completely Beside Ourselves
"
    ,
    
        In stock
    
",£24.04,One,We Are All Completely Beside Ourselves
"
    ,
    
        In stock
    
",£24.04,One,We Are All Completely Beside Ourselves
"
    ,
    
        In stock
    
",£24.04,One,We Are All Completely Beside Ourselves
"
    ,
    
        In stock
    
",£24.04,One,We Are All Completely Beside Ourselves
"
    ,
    
        In stock
    
",£24.04,One,We Are All Completely Beside Ourselves
"
    ,
    
        In stock
    
",£24.04,One,We Are All Completely Beside Ourselves
"
    ,
    
        In stock
    
",£24.04,One,We Are All Completely Beside Ourselves
"
    ,
    
        In stock
    
",£23.59,One,The Smitten Kitchen Cookbook
"
    ,
    
        In stock
    
",£23.59,One,The Smitten Kitchen Cookbook
"
    ,
    
        In stock
    
",£23.59,One,The Smitten Kitchen Cookbook
"
    ,
    
        In stock
    
",£23.59,One,The Smitten Kitchen Cookbook
"
    ,
    
        In stock
    
",£23.59,One,The Smitten Kitchen Cookbook
"
    ,
    
        In stock
    
",£23.59,One,The Smitten Kitchen Cookbook
"
    ,
    
        In stock
    
",£23.59,One,The Smitten Kitchen Cookbook
"
    ,
    
        In stock
    
",£23.59,One,The Smitten Kitchen Cookbook
"
    ,
    
        In stock
    
",£23.59,One,The Smitten Kitchen Cookbook
"
    ,
    
        In stock
    
",£23.59,One,The Smitten Kitchen Cookbook
"
    ,
    
        In stock
    
",£23.59,One,The Smitten Kitchen Cookbook
"
    ,
    
        In stock
    
",£23.59,One,The Smitten Kitchen Cookbook
"
    ,
    
        In stock
    
",£23.59,One,The Smitten Kitchen Cookbook
"
    ,
    
        In stock
    
",£23.59,One,The Smitten Kitchen Cookbook
"
    ,
    
        In stock
    
",£23.59,One,The Smitten Kitchen Cookbook
"
    ,
    
        In stock
    
",£23.59,One,The Smitten Kitchen Cookbook
"
    ,
    
        In stock
    
",£23.59,One,The Smitten Kitchen Cookbook
"
    ,
    
        In stock
    
",£23.59,One,The Smitten Kitchen Cookbook
"
    ,
    
        In stock
    
",£23.59,One,The Smitten Kitchen Cookbook
"
    ,
    
        In stock
    
",£23.59,One,The Smitten Kitchen Cookbook
"
    ,
    
        In stock
    
",£43.59,Five,The Lonely Ones
"
    ,
    
        In stock
    
",£43.59,Five,The Lonely Ones
"
    ,
    
        In stock
    
",£43.59,Five,The Lonely Ones
"
    ,
    
        In stock
    
",£43.59,Five,The Lonely Ones
"
    ,
    
        In stock
    
",£43.59,Five,The Lonely Ones
"
    ,
    
        In stock
    
",£43.59,Five,The Lonely Ones
"
    ,
    
        In stock
    
",£43.59,Five,The Lonely Ones
"
    ,
    
        In stock
    
",£43.59,Five,The Lonely Ones
"
    ,
    
        In stock
    
",£43.59,Five,The Lonely Ones
"
    ,
    
        In stock
    
",£43.59,Five,The Lonely Ones
"
    ,
    
        In stock
    
",£43.59,Five,The Lonely Ones
"
    ,
    
        In stock
    
",£43.59,Five,The Lonely Ones
"
    ,
    
        In stock
    
",£43.59,Five,The Lonely Ones
"
    ,
    
        In stock
    
",£43.59,Five,The Lonely Ones
"
    ,
    
        In stock
    
",£43.59,Five,The Lonely Ones
"
    ,
    
        In stock
    
",£43.59,Five,The Lonely Ones
"
    ,
    
        In stock
    
",£43.59,Five,The Lonely Ones
"
    ,
    
        In stock
    
",£43.59,Five,The Lonely Ones
"
    ,
    
        In stock
    
",£43.59,Five,The Lonely Ones
"
    ,
    
        In stock
    
",£43.59,Five,The Lonely Ones
"
    ,
    
        In stock
    
",£26.33,Five,The Day the Crayons Came Home (Crayons)
"
    ,
    
        In stock
    
",£26.33,Five,The Day the Crayons Came Home (Crayons)
"
    ,
    
        In stock
    
",£26.33,Five,The Day the Crayons Came Home (Crayons)
"
    ,
    
        In stock
    
",£26.33,Five,The Day the Crayons Came Home (Crayons)
"
    ,
    
        In stock
    
",£26.33,Five,The Day the Crayons Came Home (Crayons)
"
    ,
    
        In stock
    
",£26.33,Five,The Day the Crayons Came Home (Crayons)
"
    ,
    
        In stock
    
",£26.33,Five,The Day the Crayons Came Home (Crayons)
"
    ,
    
        In stock
    
",£26.33,Five,The Day the Crayons Came Home (Crayons)
"
    ,
    
        In stock
    
",£26.33,Five,The Day the Crayons Came Home (Crayons)
"
    ,
    
        In stock
    
",£26.33,Five,The Day the Crayons Came Home (Crayons)
"
    ,
    
        In stock
    
",£26.33,Five,The Day the Crayons Came Home (Crayons)
"
    ,
    
        In stock
    
",£26.33,Five,The Day the Crayons Came Home (Crayons)
"
    ,
    
        In stock
    
",£26.33,Five,The Day the Crayons Came Home (Crayons)
"
    ,
    
        In stock
    
",£26.33,Five,The Day the Crayons Came Home (Crayons)
"
    ,
    
        In stock
    
",£26.33,Five,The Day the Crayons Came Home (Crayons)
"
    ,
    
        In stock
    
",£26.33,Five,The Day the Crayons Came Home (Crayons)
"
    ,
    
        In stock
    
",£26.33,Five,The Day the Crayons Came Home (Crayons)
"
    ,
    
        In stock
    
",£26.33,Five,The Day the Crayons Came Home (Crayons)
"
    ,
    
        In stock
    
",£26.33,Five,The Day the Crayons Came Home (Crayons)
"
    ,
    
        In stock
    
",£26.33,Five,The Day the Crayons Came Home (Crayons)
"
    ,
    
        In stock
    
",£46.45,Two,Shopaholic & Baby (Shopaholic #5)
"
    ,
    
        In stock
    
",£46.45,Two,Shopaholic & Baby (Shopaholic #5)
"
    ,
    
        In stock
    
",£46.45,Two,Shopaholic & Baby (Shopaholic #5)
"
    ,
    
        In stock
    
",£46.45,Two,Shopaholic & Baby (Shopaholic #5)
"
    ,
    
        In stock
    
",£46.45,Two,Shopaholic & Baby (Shopaholic #5)
"
    ,
    
        In stock
    
",£46.45,Two,Shopaholic & Baby (Shopaholic #5)
"
    ,
    
        In stock
    
",£46.45,Two,Shopaholic & Baby (Shopaholic #5)
"
    ,
    
        In stock
    
",£46.45,Two,Shopaholic & Baby (Shopaholic #5)
"
    ,
    
        In stock
    
",£46.45,Two,Shopaholic & Baby (Shopaholic #5)
"
    ,
    
        In stock
    
",£46.45,Two,Shopaholic & Baby (Shopaholic #5)
"
    ,
    
        In stock
    
",£46.45,Two,Shopaholic & Baby (Shopaholic #5)
"
    ,
    
        In stock
    
",£46.45,Two,Shopaholic & Baby (Shopaholic #5)
"
    ,
    
        In stock
    
",£46.45,Two,Shopaholic & Baby (Shopaholic #5)
"
    ,
    
        In stock
    
",£46.45,Two,Shopaholic & Baby (Shopaholic #5)
"
    ,
    
        In stock
    
",£46.45,Two,Shopaholic & Baby (Shopaholic #5)
"
    ,
    
        In stock
    
",£46.45,Two,Shopaholic & Baby (Shopaholic #5)
"
    ,
    
        In stock
    
",£46.45,Two,Shopaholic & Baby (Shopaholic #5)
"
    ,
    
        In stock
    
",£46.45,Two,Shopaholic & Baby (Shopaholic #5)
"
    ,
    
        In stock
    
",£46.45,Two,Shopaholic & Baby (Shopaholic #5)
"
    ,
    
        In stock
    
",£46.45,Two,Shopaholic & Baby (Shopaholic #5)
"
    ,
    
        In stock
    
",£32.87,Two,One for the Money (Stephanie Plum #1)
"
    ,
    
        In stock
    
",£32.87,Two,One for the Money (Stephanie Plum #1)
"
    ,
    
        In stock
    
",£32.87,Two,One for the Money (Stephanie Plum #1)
"
    ,
    
        In stock
    
",£32.87,Two,One for the Money (Stephanie Plum #1)
"
    ,
    
        In stock
    
",£32.87,Two,One for the Money (Stephanie Plum #1)
"
    ,
    
        In stock
    
",£32.87,Two,One for the Money (Stephanie Plum #1)
"
    ,
    
        In stock
    
",£32.87,Two,One for the Money (Stephanie Plum #1)
"
    ,
    
        In stock
    
",£32.87,Two,One for the Money (Stephanie Plum #1)
"
    ,
    
        In stock
    
",£32.87,Two,One for the Money (Stephanie Plum #1)
"
    ,
    
        In stock
    
",£32.87,Two,One for the Money (Stephanie Plum #1)
"
    ,
    
        In stock
    
",£32.87,Two,One for the Money (Stephanie Plum #1)
"
    ,
    
        In stock
    
",£32.87,Two,One for the Money (Stephanie Plum #1)
"
    ,
    
        In stock
    
",£32.87,Two,One for the Money (Stephanie Plum #1)
"
    ,
    
        In stock
    
",£32.87,Two,One for the Money (Stephanie Plum #1)
"
    ,
    
        In stock
    
",£32.87,Two,One for the Money (Stephanie Plum #1)
"
    ,
    
        In stock
    
",£32.87,Two,One for the Money (Stephanie Plum #1)
"
    ,
    
        In stock
    
",£32.87,Two,One for the Money (Stephanie Plum #1)
"
    ,
    
        In stock
    
",£32.87,Two,One for the Money (Stephanie Plum #1)
"
    ,
    
        In stock
    
",£32.87,Two,One for the Money (Stephanie Plum #1)
"
    ,
    
        In stock
    
",£32.87,Two,One for the Money (Stephanie Plum #1)
"
    ,
    
        In stock
    
",£53.04,Five,Lady Renegades (Rebel Belle #3)
"
    ,
    
        In stock
    
",£53.04,Five,Lady Renegades (Rebel Belle #3)
"
    ,
    
        In stock
    
",£53.04,Five,Lady Renegades (Rebel Belle #3)
"
    ,
    
        In stock
    
",£53.04,Five,Lady Renegades (Rebel Belle #3)
"
    ,
    
        In stock
    
",£53.04,Five,Lady Renegades (Rebel Belle #3)
"
    ,
    
        In stock
    
",£53.04,Five,Lady Renegades (Rebel Belle #3)
"
    ,
    
        In stock
    
",£53.04,Five,Lady Renegades (Rebel Belle #3)
"
    ,
    
        In stock
    
",£53.04,Five,Lady Renegades (Rebel Belle #3)
"
    ,
    
        In stock
    
",£53.04,Five,Lady Renegades (Rebel Belle #3)
"
    ,
    
        In stock
    
",£53.04,Five,Lady Renegades (Rebel Belle #3)
"
    ,
    
        In stock
    
",£53.04,Five,Lady Renegades (Rebel Belle #3)
"
    ,
    
        In stock
    
",£53.04,Five,Lady Renegades (Rebel Belle #3)
"
    ,
    
        In stock
    
",£53.04,Five,Lady Renegades (Rebel Belle #3)
"
    ,
    
        In stock
    
",£53.04,Five,Lady Renegades (Rebel Belle #3)
"
    ,
    
        In stock
    
",£53.04,Five,Lady Renegades (Rebel Belle #3)
"
    ,
    
        In stock
    
",£53.04,Five,Lady Renegades (Rebel Belle #3)
"
    ,
    
        In stock
    
",£53.04,Five,Lady Renegades (Rebel Belle #3)
"
    ,
    
        In stock
    
",£53.04,Five,Lady Renegades (Rebel Belle #3)
"
    ,
    
        In stock
    
",£53.04,Five,Lady Renegades (Rebel Belle #3)
"
    ,
    
        In stock
    
",£53.04,Five,Lady Renegades (Rebel Belle #3)
"
    ,
    
        In stock
    
",£42.21,Four,Golden (Heart of Dread #3)
"
    ,
    
        In stock
    
",£42.21,Four,Golden (Heart of Dread #3)
"
    ,
    
        In stock
    
",£42.21,Four,Golden (Heart of Dread #3)
"
    ,
    
        In stock
    
",£42.21,Four,Golden (Heart of Dread #3)
"
    ,
    
        In stock
    
",£42.21,Four,Golden (Heart of Dread #3)
"
    ,
    
        In stock
    
",£42.21,Four,Golden (Heart of Dread #3)
"
    ,
    
        In stock
    
",£42.21,Four,Golden (Heart of Dread #3)
"
    ,
    
        In stock
    
",£42.21,Four,Golden (Heart of Dread #3)
"
    ,
    
        In stock
    
",£42.21,Four,Golden (Heart of Dread #3)
"
    ,
    
        In stock
    
",£42.21,Four,Golden (Heart of Dread #3)
"
    ,
    
        In stock
    
",£42.21,Four,Golden (Heart of Dread #3)
"
    ,
    
        In stock
    
",£42.21,Four,Golden (Heart of Dread #3)
"
    ,
    
        In stock
    
",£42.21,Four,Golden (Heart of Dread #3)
"
    ,
    
        In stock
    
",£42.21,Four,Golden (Heart of Dread #3)
"
    ,
    
        In stock
    
",£42.21,Four,Golden (Heart of Dread #3)
"
    ,
    
        In stock
    
",£42.21,Four,Golden (Heart of Dread #3)
"
    ,
    
        In stock
    
",£42.21,Four,Golden (Heart of Dread #3)
"
    ,
    
        In stock
    
",£42.21,Four,Golden (Heart of Dread #3)
"
    ,
    
        In stock
    
",£42.21,Four,Golden (Heart of Dread #3)
"
    ,
    
        In stock
    
",£42.21,Four,Golden (Heart of Dread #3)
"
    ,
    
        In stock
    
",£36.17,Two,Cosmos
"
    ,
    
        In stock
    
",£36.17,Two,Cosmos
"
    ,
    
        In stock
    
",£36.17,Two,Cosmos
"
    ,
    
        In stock
    
",£36.17,Two,Cosmos
"
    ,
    
        In stock
    
",£36.17,Two,Cosmos
"
    ,
    
        In stock
    
",£36.17,Two,Cosmos
"
    ,
    
        In stock
    
",£36.17,Two,Cosmos
"
    ,
    
        In stock
    
",£36.17,Two,Cosmos
"
    ,
    
        In stock
    
",£36.17,Two,Cosmos
"
    ,
    
        In stock
    
",£36.17,Two,Cosmos
"
    ,
    
        In stock
    
",£36.17,Two,Cosmos
"
    ,
    
        In stock
    
",£36.17,Two,Cosmos
"
    ,
    
        In stock
    
",£36.17,Two,Cosmos
"
    ,
    
        In stock
    
",£36.17,Two,Cosmos
"
    ,
    
        In stock
    
",£36.17,Two,Cosmos
"
    ,
    
        In stock
    
",£36.17,Two,Cosmos
"
    ,
    
        In stock
    
",£36.17,Two,Cosmos
"
    ,
    
        In stock
    
",£36.17,Two,Cosmos
"
    ,
    
        In stock
    
",£36.17,Two,Cosmos
"
    ,
    
        In stock
    
",£36.17,Two,Cosmos
"
    ,
    
        In stock
    
",£22.06,Four,Ash
"
    ,
    
        In stock
    
",£22.06,Four,Ash
"
    ,
    
        In stock
    
",£22.06,Four,Ash
"
    ,
    
        In stock
    
",£22.06,Four,Ash
"
    ,
    
        In stock
    
",£56.58,One,Are We Smart Enough to Know How Smart Animals Are?
"
    ,
    
        In stock
    
",£56.58,One,Are We Smart Enough to Know How Smart Animals Are?
"
    ,
    
        In stock
    
",£56.58,One,Are We Smart Enough to Know How Smart Animals Are?
"
    ,
    
        In stock
    
",£56.58,One,Are We Smart Enough to Know How Smart Animals Are?
"
    ,
    
        In stock
    
",£56.58,One,Are We Smart Enough to Know How Smart Animals Are?
"
    ,
    
        In stock
    
",£56.58,One,Are We Smart Enough to Know How Smart Animals Are?
"
    ,
    
        In stock
    
",£56.58,One,Are We Smart Enough to Know How Smart Animals Are?
"
    ,
    
        In stock
    
",£56.58,One,Are We Smart Enough to Know How Smart Animals Are?
"
    ,
    
        In stock
    
",£56.58,One,Are We Smart Enough to Know How Smart Animals Are?
"
    ,
    
        In stock
    
",£56.58,One,Are We Smart Enough to Know How Smart Animals Are?
"
    ,
    
        In stock
    
",£56.58,One,Are We Smart Enough to Know How Smart Animals Are?
"
    ,
    
        In stock
    
",£56.58,One,Are We Smart Enough to Know How Smart Animals Are?
"
    ,
    
        In stock
    
",£56.58,One,Are We Smart Enough to Know How Smart Animals Are?
"
    ,
    
        In stock
    
",£56.58,One,Are We Smart Enough to Know How Smart Animals Are?
"
    ,
    
        In stock
    
",£56.58,One,Are We Smart Enough to Know How Smart Animals Are?
"
    ,
    
        In stock
    
",£56.58,One,Are We Smart Enough to Know How Smart Animals Are?
"
    ,
    
        In stock
    
",£53.47,One,Girl Online On Tour (Girl Online #2)
"
    ,
    
        In stock
    
",£53.47,One,Girl Online On Tour (Girl Online #2)
"
    ,
    
        In stock
    
",£53.47,One,Girl Online On Tour (Girl Online #2)
"
    ,
    
        In stock
    
",£53.47,One,Girl Online On Tour (Girl Online #2)
"
    ,
    
        In stock
    
",£53.47,One,Girl Online On Tour (Girl Online #2)
"
    ,
    
        In stock
    
",£53.47,One,Girl Online On Tour (Girl Online #2)
"
    ,
    
        In stock
    
",£53.47,One,Girl Online On Tour (Girl Online #2)
"
    ,
    
        In stock
    
",£53.47,One,Girl Online On Tour (Girl Online #2)
"
    ,
    
        In stock
    
",£53.47,One,Girl Online On Tour (Girl Online #2)
"
    ,
    
        In stock
    
",£53.47,One,Girl Online On Tour (Girl Online #2)
"
    ,
    
        In stock
    
",£53.47,One,Girl Online On Tour (Girl Online #2)
"
    ,
    
        In stock
    
",£53.47,One,Girl Online On Tour (Girl Online #2)
"
    ,
    
        In stock
    
",£53.47,One,Girl Online On Tour (Girl Online #2)
"
    ,
    
        In stock
    
",£53.47,One,Girl Online On Tour (Girl Online #2)
"
    ,
    
        In stock
    
",£53.47,One,Girl Online On Tour (Girl Online #2)
"
    ,
    
        In stock
    
",£53.47,One,Girl Online On Tour (Girl Online #2)
"
    ,
    
        In stock
    
",£53.47,One,Girl Online On Tour (Girl Online #2)
"
    ,
    
        In stock
    
",£53.47,One,Girl Online On Tour (Girl Online #2)
"
    ,
    
        In stock
    
",£53.47,One,Girl Online On Tour (Girl Online #2)
"
    ,
    
        In stock
    
",£53.47,One,Girl Online On Tour (Girl Online #2)
"
    ,
    
        In stock
    
",£29.45,One,The Selfish Gene
"
    ,
    
        In stock
    
",£29.45,One,The Selfish Gene
"
    ,
    
        In stock
    
",£29.45,One,The Selfish Gene
"
    ,
    
        In stock
    
",£29.45,One,The Selfish Gene
"
    ,
    
        In stock
    
",£29.45,One,The Selfish Gene
"
    ,
    
        In stock
    
",£29.45,One,The Selfish Gene
"
    ,
    
        In stock
    
",£29.45,One,The Selfish Gene
"
    ,
    
        In stock
    
",£29.45,One,The Selfish Gene
"
    ,
    
        In stock
    
",£29.45,One,The Selfish Gene
"
    ,
    
        In stock
    
",£29.45,One,The Selfish Gene
"
    ,
    
        In stock
    
",£29.45,One,The Selfish Gene
"
    ,
    
        In stock
    
",£29.45,One,The Selfish Gene
"
    ,
    
        In stock
    
",£29.45,One,The Selfish Gene
"
    ,
    
        In stock
    
",£29.45,One,The Selfish Gene
"
    ,
    
        In stock
    
",£29.45,One,The Selfish Gene
"
    ,
    
        In stock
    
",£29.45,One,The Selfish Gene
"
    ,
    
        In stock
    
",£29.45,One,The Selfish Gene
"
    ,
    
        In stock
    
",£29.45,One,The Selfish Gene
"
    ,
    
        In stock
    
",£29.45,One,The Selfish Gene
"
    ,
    
        In stock
    
",£29.45,One,The Selfish Gene
"
    ,
    
        In stock
    
",£14.76,Three,The Communist Manifesto
"
    ,
    
        In stock
    
",£14.76,Three,The Communist Manifesto
"
    ,
    
        In stock
    
",£14.76,Three,The Communist Manifesto
"
    ,
    
        In stock
    
",£14.76,Three,The Communist Manifesto
"
    ,
    
        In stock
    
",£14.76,Three,The Communist Manifesto
"
    ,
    
        In stock
    
",£14.76,Three,The Communist Manifesto
"
    ,
    
        In stock
    
",£14.76,Three,The Communist Manifesto
"
    ,
    
        In stock
    
",£14.76,Three,The Communist Manifesto
"
    ,
    
        In stock
    
",£14.76,Three,The Communist Manifesto
"
    ,
    
        In stock
    
",£14.76,Three,The Communist Manifesto
"
    ,
    
        In stock
    
",£14.76,Three,The Communist Manifesto
"
    ,
    
        In stock
    
",£14.76,Three,The Communist Manifesto
"
    ,
    
        In stock
    
",£14.76,Three,The Communist Manifesto
"
    ,
    
        In stock
    
",£14.76,Three,The Communist Manifesto
"
    ,
    
        In stock
    
",£14.76,Three,The Communist Manifesto
"
    ,
    
        In stock
    
",£14.76,Three,The Communist Manifesto
"
    ,
    
        In stock
    
",£14.76,Three,The Communist Manifesto
"
    ,
    
        In stock
    
",£14.76,Three,The Communist Manifesto
"
    ,
    
        In stock
    
",£14.76,Three,The Communist Manifesto
"
    ,
    
        In stock
    
",£14.76,Three,The Communist Manifesto
"
    ,
    
        In stock
    
",£52.94,Two,One Second (Seven #7)
"
    ,
    
        In stock
    
",£52.94,Two,One Second (Seven #7)
"
    ,
    
        In stock
    
",£52.94,Two,One Second (Seven #7)
"
    ,
    
        In stock
    
",£52.94,Two,One Second (Seven #7)
"
    ,
    
        In stock
    
",£52.94,Two,One Second (Seven #7)
"
    ,
    
        In stock
    
",£52.94,Two,One Second (Seven #7)
"
    ,
    
        In stock
    
",£52.94,Two,One Second (Seven #7)
"
    ,
    
        In stock
    
",£52.94,Two,One Second (Seven #7)
"
    ,
    
        In stock
    
",£52.94,Two,One Second (Seven #7)
"
    ,
    
        In stock
    
",£52.94,Two,One Second (Seven #7)
"
    ,
    
        In stock
    
",£52.94,Two,One Second (Seven #7)
"
    ,
    
        In stock
    
",£52.94,Two,One Second (Seven #7)
"
    ,
    
        In stock
    
",£52.94,Two,One Second (Seven #7)
"
    ,
    
        In stock
    
",£52.94,Two,One Second (Seven #7)
"
    ,
    
        In stock
    
",£52.94,Two,One Second (Seven #7)
"
    ,
    
        In stock
    
",£52.94,Two,One Second (Seven #7)
"
    ,
    
        In stock
    
",£52.94,Two,One Second (Seven #7)
"
    ,
    
        In stock
    
",£52.94,Two,One Second (Seven #7)
"
    ,
    
        In stock
    
",£52.94,Two,One Second (Seven #7)
"
    ,
    
        In stock
    
",£52.94,Two,One Second (Seven #7)
"
    ,
    
        In stock
    
",£40.28,Five,"Fruits Basket, Vol. 1 (Fruits Basket #1)"
"
    ,
    
        In stock
    
",£40.28,Five,"Fruits Basket, Vol. 1 (Fruits Basket #1)"
"
    ,
    
        In stock
    
",£40.28,Five,"Fruits Basket, Vol. 1 (Fruits Basket #1)"
"
    ,
    
        In stock
    
",£40.28,Five,"Fruits Basket, Vol. 1 (Fruits Basket #1)"
"
    ,
    
        In stock
    
",£40.28,Five,"Fruits Basket, Vol. 1 (Fruits Basket #1)"
"
    ,
    
        In stock
    
",£40.28,Five,"Fruits Basket, Vol. 1 (Fruits Basket #1)"
"
    ,
    
        In stock
    
",£40.28,Five,"Fruits Basket, Vol. 1 (Fruits Basket #1)"
"
    ,
    
        In stock
    
",£40.28,Five,"Fruits Basket, Vol. 1 (Fruits Basket #1)"
"
    ,
    
        In stock
    
",£40.28,Five,"Fruits Basket, Vol. 1 (Fruits Basket #1)"
"
    ,
    
        In stock
    
",£40.28,Five,"Fruits Basket, Vol. 1 (Fruits Basket #1)"
"
    ,
    
        In stock
    
",£40.28,Five,"Fruits Basket, Vol. 1 (Fruits Basket #1)"
"
    ,
    
        In stock
    
",£40.28,Five,"Fruits Basket, Vol. 1 (Fruits Basket #1)"
"
    ,
    
        In stock
    
",£40.28,Five,"Fruits Basket, Vol. 1 (Fruits Basket #1)"
"
    ,
    
        In stock
    
",£40.28,Five,"Fruits Basket, Vol. 1 (Fruits Basket #1)"
"
    ,
    
        In stock
    
",£40.28,Five,"Fruits Basket, Vol. 1 (Fruits Basket #1)"
"
    ,
    
        In stock
    
",£40.28,Five,"Fruits Basket, Vol. 1 (Fruits Basket #1)"
"
    ,
    
        In stock
    
",£40.28,Five,"Fruits Basket, Vol. 1 (Fruits Basket #1)"
"
    ,
    
        In stock
    
",£40.28,Five,"Fruits Basket, Vol. 1 (Fruits Basket #1)"
"
    ,
    
        In stock
    
",£40.28,Five,"Fruits Basket, Vol. 1 (Fruits Basket #1)"
"
    ,
    
        In stock
    
",£40.28,Five,"Fruits Basket, Vol. 1 (Fruits Basket #1)"
"
    ,
    
        In stock
    
",£26.08,Five,"1,000 Places to See Before You Die"
"
    ,
    
        In stock
    
",£26.08,Five,"1,000 Places to See Before You Die"
"
    ,
    
        In stock
    
",£26.08,Five,"1,000 Places to See Before You Die"
"
    ,
    
        In stock
    
",£26.08,Five,"1,000 Places to See Before You Die"
"
    ,
    
        In stock
    
",£26.08,Five,"1,000 Places to See Before You Die"
"
    ,
    
        In stock
    
",£26.08,Five,"1,000 Places to See Before You Die"
"
    ,
    
        In stock
    
",£26.08,Five,"1,000 Places to See Before You Die"
"
    ,
    
        In stock
    
",£26.08,Five,"1,000 Places to See Before You Die"
"
    ,
    
        In stock
    
",£26.08,Five,"1,000 Places to See Before You Die"
"
    ,
    
        In stock
    
",£26.08,Five,"1,000 Places to See Before You Die"
"
    ,
    
        In stock
    
",£26.08,Five,"1,000 Places to See Before You Die"
"
    ,
    
        In stock
    
",£26.08,Five,"1,000 Places to See Before You Die"
"
    ,
    
        In stock
    
",£26.08,Five,"1,000 Places to See Before You Die"
"
    ,
    
        In stock
    
",£26.08,Five,"1,000 Places to See Before You Die"
"
    ,
    
        In stock
    
",£26.08,Five,"1,000 Places to See Before You Die"
"
    ,
    
        In stock
    
",£26.08,Five,"1,000 Places to See Before You Die"
"
    ,
    
        In stock
    
",£26.08,Five,"1,000 Places to See Before You Die"
"
    ,
    
        In stock
    
",£26.08,Five,"1,000 Places to See Before You Die"
"
    ,
    
        In stock
    
",£26.08,Five,"1,000 Places to See Before You Die"
"
    ,
    
        In stock
    
",£26.08,Five,"1,000 Places to See Before You Die"
